product_key,品牌,商品,原文心得,節錄
全家:厚奶拿鐵酷碰券特大杯,全家,厚奶拿鐵酷碰券特大杯,": | 本身特愛奶厚的拿鐵 | 看到全家新出這個買來喝喝看 | 優惠券+環保杯扣等於才54 | 很大一杯喝得很過癮 | https://i.imgur.com/uy2fpGv.jpeg | https://i.imgur.com/V6c2qOF.jpeg | 奶味蠻夠的,慢慢才有個咖啡味上來 | 牛奶的清甜味明顯,蠻順口的很好喝 | 雖是厚奶但喝起來是偏清爽的拿鐵 | 喜歡拿鐵奶多的這個可以試試 | https://i.imgur.com/hxBILMG.jpeg | 加購的燈箱也很可愛 | 全家負責一直出小廢物,我負責一直收 | ----- | Sent from JPTT on my iPhone | --",
7-11:乖乖玉米脆條玉米濃湯,7-11,乖乖玉米脆條玉米濃湯,": | 乖乖竟然出了玉米濃湯口味! | 內容量約有7分滿,給的蠻多的 | https://i.mopix.cc/9pK0xz.jpg | https://i.mopix.cc/i8rjXM.jpg | 打開後味道比想像中還濃,帶一點奶香,意外還原度蠻高的 | 有些玉米濃湯口味零食其實吃不太出來或假假的, | 但這個吃起來真的很玉米濃湯XD | https://i.mopix.cc/KeVayV.jpg | 整體調味不會過甜或太鹹,屬於很耐吃的類型 | 如果本來就喜歡玉米濃湯口味,我覺得這包還原度不錯,可以試試看 | 應該會再回購! | -- | 對,所以我買了2包比較划算 | 全聯好!下次趁全聯特價買一箱,我餅乾都是成箱買的哈哈哈 | 地瓜口味在那裏買?7-11沒看到,周末去買來吃看看 | 口味跟一般濃湯棒有點不一樣,奶味比較明顯 | 我小時候也最愛吃五香 | 我覺得可以,反正都有台式鹹酥雞口味了",
全家:蜜桃颶風蛋糕,全家,蜜桃颶風蛋糕,: | 人工香精味 | 嘔嘔嘔嗚嗚嗚 | https://i.verb.tw/J5M5YIB5.jpg | --,
全家:詹姆士香蒜胡椒肉骨茶泡麵,全家,詹姆士香蒜胡椒肉骨茶泡麵,": | 看到蠻多人說這款泡麵很好吃,就來試試看 | 結果吃完只覺得好鹹!真的好鹹!超鹹! | 湯一口都喝不下去,感覺喝完會洗腎的程度 | 雖然蒜味跟胡椒味真的很重 | 但肉骨茶的味道倒是嚐不出來 | 總之吃一次嚐鮮就夠了,不會回購 | https://meee.com.tw/Mfe84ml.jpg | --",
7-11:焦糖布蕾馬卡龍,7-11,焦糖布蕾馬卡龍,": | https://i.urusai.cc/racEw.jpg | 目前吃711馬卡龍好像都沒怎麼踩雷的樣子 | 這個口味不會到死甜,但甜度相較其他口味好像偏甜一點 | 口感部分就老樣子,外餅以馬卡龍來說算扣分 | 整體表現來說還是算不錯,想繼續嘗試看看新口味 | 目前最喜歡的口味是開心果~ | --",
7-11:金沙滷肉粽香風味新極大飯糰,7-11,金沙滷肉粽香風味新極大飯糰,: | https://i.imgur.com/3EhLyDE.jpeg | https://i.imgur.com/AbMhXQH.jpeg | https://i.imgur.com/IXEn6CA.jpeg | 就是肉粽 | 能吃 | 稍微貴 | 不要把它當飯糰 | (圖文內容 請務必圖文獨立 不可單獨貼網址或單獨文字內容) | --,
全家:醇黑可可波蘿奶酥,全家,醇黑可可波蘿奶酥,: | 圖多多版本: | https://bit.ly/4vtt5GN | 影片版: | https://www.threads.com/@dressingfrad_/post/DZ94jx5jeQN?hl=zh-tw | 全家常溫麵包 又有新貨色 | 醇黑可可波蘿奶酥 | 看起來黑嬤嬤的外表 | 又是波羅又是奶酥 | 熱量倒 | 也是還好? | https://pimg.1px.tw/blog/dressingfrad/album/303510220/899480940290261765.jpg | 外層波羅麵包皮 | 看起來黑黑吃起來普通 | 內餡黑黑的奶酥? | 但實際上閉著眼睛吃起來 | 整體來說 | 是一個很有立體 | 但是吃起來略嫌單薄 | -- | https://www.facebook.com/dressingfrad | --,
全家:義式蛋蛋青醬鮪魚冷義大利麵,全家,義式蛋蛋青醬鮪魚冷義大利麵,": | 剛好有領到券買來吃吃看 | 麵體偏細, 青醬味很濃郁 | 附的那碗是白醬, 加進去後多了點麻醬的濃郁感但不會膩 | 鮪魚拌開也沒腥味,蠻意外和青醬的味道超搭 | 配菜是紅蘿蔔跟紫高麗菜絲,搭一起吃還蠻清爽的 | 感覺再加點辣就更好吃了 | https://i.imgur.com/JFljljw.jpeg | https://i.imgur.com/MHjBfzK.jpeg | https://i.imgur.com/LmDdTjQ.jpeg | ----- | Sent from JPTT on my iPhone | --",
全家:bbq韓式柚子冰茶,全家,BBQ韓式柚子冰茶,": | 原本以為會跟在韓式餐廳喝到的味道類似,結果根本沒什麼味道 | 只是很像有一點味道的水,雖然很久沒去bbq,但我記得餐廳裡的飲料也沒那麼沒味道 | 但不會到很膩,整瓶喝完還可以接受,只是有點空虛 | https://i.imgur.com/a/jbMkqLN.jpg | https://i.imgur.com/undefined.jpg | --",
7-11:抹茶紅豆布蕾,7-11,抹茶紅豆布蕾,: | https://i.meee.com.tw/gLN4EDM.jpg | 吃起來不像布蕾 | 比較像奶酪? | 抹茶味和紅豆ok | 抹茶不會苦/紅豆不會太甜 | 就很中規中矩的一款甜點 | 可以趁特價購入就好 | -- | 不是很常見嗎,
全家:滿餡麵包香濃花生,全家,滿餡麵包香濃花生,: | 圖多多版本: | https://bit.ly/4ocDd3B | 影片版: | https://www.threads.com/@dressingfrad_/post/DZO-oiqjeP1?hl=zh-tw | 全家常溫麵包 | 好久沒開箱 | 兩款長青選項 | 滿餡麵包 香濃花生 | 就是熟悉的長條麵包 | 先偷偷打開看看裡面 | https://pimg.1px.tw/blog/dressingfrad/album/303510220/886142105674338159.jpg | 一面是奶油 | 一面是 | 加持 | 整體吃起來真的很香濃 | 麵包本體也是好吃的 | 不虧是長青款 | -- | https://www.facebook.com/dressingfrad | --,
萊爾富:樂法葡萄水,萊爾富,樂法葡萄水,: | 今天要快樂去買蜜桃水的時候 | (詳見之前我的發文 | #1ftAHbmQ (CVS) | ) | 發現架上有一個綠色的沒看過的包裝 | 仔細看後才發現是葡萄水就索性買來喝喝看 | https://i.imgur.com/ZCvTMyM.jpeg | 結果不差 | 很像小時候去辦桌時喝的香檳葡萄汽水 | 但沒有氣而且有一種清爽感 | 不喜歡現在那種太甜的葡萄汽水跟果汁的朋友 | 可以嘗試喝喝看 | --,
萊爾富:樂法金桔檸檬咖啡,萊爾富,樂法金桔檸檬咖啡,":萊爾富有活動,任2瓶69元,超級甜,沒什麼咖啡味。浪費錢了 | --",
全家:焦糖拿鐵烤雞細扁麵,全家,焦糖拿鐵烤雞細扁麵,": | https://i.verb.tw/WB8e90dh.jpg | 中午沒很餓又不知道吃啥, | 看到這款光看名稱就覺得很奇葩的商品, | 份量不大就當作嚐鮮了。 | 打開是扁麵+三塊雞肉+醬,撒了點彩椒絲點綴, | 醬的顏色其實滿像麻醬, | 本來預設會是像咖啡糖一樣甜膩感覺, | 但實際吃倒是挺正常,甚至說有點沒味道。 | 吃完舌頭上留有淡淡咖啡味,像喝過三合一, | 雖然沒有令人印象深刻,但不至於到難吃。 | 99元見仁見智,超商便當不便宜但還消費得起。 | ---- | Sent from | BePTT | on my iPhone 17 Pro | --",
全家:韓式燒肉拌飯,全家,韓式燒肉拌飯,: | 比意外中好吃 不會真的辣 是韓式的那種辣醬香味 | 整個吃完會飽 很像餐廳會吃到的韓式拌飯 | 雖然95小貴 但我覺得下次還可以買 | 如果有遇到友善時光推薦可吃 | https://i.imgur.com/a/LeNHCFK.jpg | --,
7-11:大大大香辣鹹酥雞,7-11,大大大香辣鹹酥雞,": | 昨天看朋友在群組貼就跑去買了 | https://i.meee.com.tw/LICzDhE.jpg | 這是兩包的量 | https://i.meee.com.tw/DYmx7Y1.jpg | https://i.meee.com.tw/kN5erNb.jpg | 味道不錯,小辣,吃完還蠻飽的 | 特價期間應該會再回購 | --",
7-11:拿坡里風味肉球義大利麵,7-11,拿坡里風味肉球義大利麵,": | https://i.mopix.cc/Ce2vBW.jpg | https://i.mopix.cc/dVxtHO.jpg | https://i.mopix.cc/ncs6qT.jpg | 吃完的感想是,還是79元的義式蕃茄肉醬義大利麵更好吃更划算。 | 肉丸如第三張照片說明是重組肉,吃起來口感很難形容(泥泥的?),我不喜歡這口感。 | 這款義大利麵的肉醬,明顯有加更多增稠的材料,醬汁本身比較義式蕃茄肉醬義大利麵更 | 甜,吃完殘留在容器的醬汁有點糖醋醬那樣半透明稠稠的。 | 特別喜歡大口吃肉的話,可以參考看看。 | 我本身吃過一次之後,不會再買,我還是比較喜歡79元的肉醬義大利麵! | --",
萊爾富:喜勒焦糖烤布丁膩,萊爾富,喜勒焦糖烤布丁膩,": | 去買茶葉蛋時,看到了布丁山, | https://i.mopix.cc/cZFalz.jpg | https://i.mopix.cc/MAAwXy.jpg | 買來吃看看, | https://i.mopix.cc/nm4nxM.jpg | https://i.mopix.cc/PIqN5w.jpg | https://i.mopix.cc/u01Dxm.jpg | 布丁表面的焦糖皮不是脆皮的,偏軟潤, | 本體口感蠻綿密柔滑,偏甜 | 底層的焦糖液濃稠微苦, | 個人算蠻喜歡的, | 但平時飲料都喝無糖, | 我覺得一下子連續吃兩個會很膩。 | --",
全家:芋泥q皮半月燒,全家,芋泥Q皮半月燒,": | https://i.mopix.cc/Jk1qEq.jpg | 一口咬下去,就被熟悉的美乃滋味襲擊了... | 只要成分裡有「脂肪抹醬」,就會有那股熟悉的鹹甜交織的味道 | 餡料分兩層,上面抹醬,下面芋頭丁,抹醬沒什麼芋頭味 | 上面綠綠的是南瓜子仁 | 皮很甜,銅鑼燒的味道,滿搶戲的 | 吃完之後,嘴裡只剩下很甜很甜的銅鑼燒味 | 衝著芋頭來的,結論是沒有任何驚喜,就是超商的甜點,只能說是有甜 | --",
全家:莊園牛奶霜淇淋,全家,莊園牛奶霜淇淋,: | https://i.mopix.cc/o4N5Qk.jpg | 奶味蠻重的 很好吃 | 吃完不會覺得很膩 | 有拿包裹記得報會員 | 買一送一優惠券會入到app | https://i.mopix.cc/ZU0DB5.jpg | --,
全家:藤椒雞丁炒飯,全家,藤椒雞丁炒飯,: | 平常滿喜歡吃炒飯 看到有新的就買來嘗鮮 | 原本想說這個顏色可能味道不會很重 | 結果椒麻的味道蠻明顯的 但吃完整個不會覺得很鹹 | 只是覺得肉有一點少 95有點貴 | 如果遇到打折可以試試 | https://i.imgur.com/a/IbjVr6X.jpg | --,
全家:日式胡麻雞絲冷麵,全家,日式胡麻雞絲冷麵,": | 吃涼麵偏好胡麻口味勝過一般麻醬 | 看到架上又有這個就買了 | https://i.imgur.com/E7fmHP0.jpeg | 配料是黃瓜 雞絲 蟹肉棒和蛋皮 | 整個拌一起吃口感還蠻豐富的 | 記得這款之前有出過,只是現在把筍片換成蟹肉棒 蔥絲換成黃瓜絲 | 相較下個人更愛現在的配料 | https://i.imgur.com/YxMKXtm.jpeg | 雖然是偏濃郁的胡麻醬汁但吃起來不會覺得有負擔感 | 麵體比一般黃麵再Q點, 口感很不錯 | https://i.imgur.com/bjVkJ4Y.jpeg | 這個有搭飲料優惠 | 加14塊多一瓶御茶園還不錯 | ----- | Sent from JPTT on my iPhone | --",
7-11:日東紅茶皇家奶茶,7-11,日東紅茶皇家奶茶,":7-11新出的日東紅茶 皇家奶茶 | 目前嚐鮮價32元 | 台灣版的日東紅茶,不錯喝,推薦! | 另還有水果茶、紅茶 | https://i.mopix.cc/FYLKY2.jpg | 曾日本打工度假一年 | 日本的奶茶我更推薦BOSS奶茶 | https://i.mopix.cc/PFInnn.jpg | --",
全家:鮮橙茉綠,全家,鮮橙茉綠,": | 沒看過,算新品嗎? | 不錯喝,該有的味道都有,柳橙味道比較多 | --",
7-11:乖乖玉米脆條蘋果牛奶風味,7-11,乖乖玉米脆條蘋果牛奶風味,": | 在零食架上看到乖乖出「蘋果牛奶」、「木瓜牛奶」口味 | 身為一個從小喝果汁牛奶長大的代表,必須買!!! | https://i.mopix.cc/AdezAh.jpg | https://i.mopix.cc/cuJrQh.jpg | 1.木瓜牛奶風味(還原度 ★★★★☆) | https://i.mopix.cc/BblvG9.jpg | https://i.mopix.cc/yt6Sf9.jpg | 第一口咬下去,嘴裡滿滿都是那種統一木瓜牛奶的濃醇香 | 帶有一點點牛奶跟熟木瓜的甜味 | 跟玉米脆條本身的甜味非常搭,完全不突兀~ | 2.蘋果牛奶風味(還原度 ★★★★★) | https://i.mopix.cc/J8Y6lK.jpg | https://i.mopix.cc/kgh5wz.jpg | 入口蘋果牛奶的香氣就會衝上來 | 最後留在嘴裡的尾韻是蘋果牛奶的微酸微甜 | 甜度拿捏得滿剛好的,整體還原度還是挺不錯~ | 喜歡喝這兩款飲料的人真的可以試試 | ----- | Sent from JPTT on my iPhone | --",
7-11:乖乖玉米脆條木瓜牛奶風味,7-11,乖乖玉米脆條木瓜牛奶風味,": | 在零食架上看到乖乖出「蘋果牛奶」、「木瓜牛奶」口味 | 身為一個從小喝果汁牛奶長大的代表,必須買!!! | https://i.mopix.cc/AdezAh.jpg | https://i.mopix.cc/cuJrQh.jpg | 1.木瓜牛奶風味(還原度 ★★★★☆) | https://i.mopix.cc/BblvG9.jpg | https://i.mopix.cc/yt6Sf9.jpg | 第一口咬下去,嘴裡滿滿都是那種統一木瓜牛奶的濃醇香 | 帶有一點點牛奶跟熟木瓜的甜味 | 跟玉米脆條本身的甜味非常搭,完全不突兀~ | 2.蘋果牛奶風味(還原度 ★★★★★) | https://i.mopix.cc/J8Y6lK.jpg | https://i.mopix.cc/kgh5wz.jpg | 入口蘋果牛奶的香氣就會衝上來 | 最後留在嘴裡的尾韻是蘋果牛奶的微酸微甜 | 甜度拿捏得滿剛好的,整體還原度還是挺不錯~ | 喜歡喝這兩款飲料的人真的可以試試 | ----- | Sent from JPTT on my iPhone | --",
全家:經典總匯三明治,全家,經典總匯三明治,: | 圖多多版本: | https://bit.ly/4a4cArP | 影片版: | https://www.threads.com/@dressingfrad_/post/DY_x50tjTiB?hl=zh-tw | 雖然有選擇困難 | 但是看到 | 經典總匯三明治 | 就知道要選這款啦 | 兩個三明治中間 | 還有 | 所以沒辦法分成兩個口味分開吃 | 先來說雞蛋部分 | 除了有 | 糖心蛋切塊 | 底部 | 還有一點蛋沙拉感 | 有雞蛋就是好吃無誤 | https://pimg.1px.tw/blog/dressingfrad/album/303510220/866542798050708735.jpg | 中間生菜和火腿和起司 | 也是標準沒問題 | 只是 | 有點難以單吃會掉 | 下方則是馬鈴薯沙拉 | 還有玉米顆粒增加口感 | 應該 | 還有一咪咪鮪 | 魚 | 整體來說覺得 | 如果可以分開吃他們都不錯 | 合再一起吃就容易分心 | 但分量是真的還不錯 | -- | https://www.facebook.com/dressingfrad | --,
7-11:嘉義崇文白醋涼麵,7-11,嘉義崇文白醋涼麵,":近期在threads 上這款涼麵很紅 大家都說很好吃 而且一定要買全家的 7-11 | 的不行 所以也去買來試試看。 | 吃起來很清爽、醋味很解膩,跟一般涼麵比起來就是多了醋味,然後麵條粗一點,不過熱 | 量也是因為美乃滋多了很多。 | 有網路說的超好吃嗎,其實也沒有,但是滿便宜清爽的解決一餐很不錯,而且可以+14元 | 獲得一杯飲料,更賺了! | https://i.mopix.cc/vr60F5.jpg | https://i.mopix.cc/3AO9A7.jpg | --",
全家:覆盆莓榛果可可三明治,全家,覆盆莓榛果可可三明治,: | 圖多多版本: | https://bit.ly/4o7TCqk | 影片版: | https://www.threads.com/@dressingfrad_/post/DZEeoWwDYjv?hl=zh-tw | 全家三明治口味多多 | 上次吃了萊爾富的甜點三明治 | https://bit.ly/48Sq2yk | 這次也想挑戰一下全家的部分 | 可惜草莓聯名的已經沒了 | 那就是選這款 | 覆盆莓榛果可可三明治 | https://pimg.1px.tw/blog/dressingfrad/album/303510220/866542765347719852.jpg | 兩邊 | 中間奶油則是覆盆莓醬 | 榛果醬味道沒有到非常濃 | 但的確是有顆粒感見圖 | 覆盆莓奶油部分沒有到很酸 | 但那 | 種綿密感的 | 確對整體口感有加分 | -- | https://www.facebook.com/dressingfrad | --,
萊爾富:芭樂金桔咖啡,萊爾富,芭樂金桔咖啡,": | 挺愛挑戰新口味,還有一款檸檬 | 咖啡,直覺會像西西里咖啡就沒 | 拿,目前似乎有特價,結帳時兩 | 瓶69,選芭樂咖啡當第一個嚇到 | 我,這味道對人類、應該說對我 | 來說還太早了,難得喝到這麼恐 | 怖的味道,基本上飲料有糖不會 | 難喝到哪,但這小瓶掙扎挺久才 | 喝完,不過接下來金桔咖啡就挺 | 出乎意料的好喝,個人雖然愛喝 | 偏酸的咖啡,但僅限於單品原豆 | 的酸,如耶加雪菲、肯亞、薇薇 | 特南果之類,西西里之類加檸檬 | 的目前為止還沒碰過覺得好喝的 | ,金桔比想像中好很多,比起完 | 全喝不出芭樂味的另一款,這款 | 金桔香氣很明顯,推薦一試。 | --",
全家:乖乖食堂台酒花雕雞麵,全家,乖乖食堂台酒花雕雞麵,": | https://i.imgur.com/Jk62lD0.jpeg | 這款是乖乖 x 台酒花雕雞麵聯名 | 之前沒看過,應該是限定版的口味 | 剛好手上有泡麵存糧拿來對照一下XD | https://i.imgur.com/CzLkeDD.jpeg | 包裝一拆開直接聞到花雕雞泡麵那個熟悉的味道 | 香氣復刻得不錯,而且酒味沒有想像中重 | 怕酒味的人應該也能接受! | https://i.imgur.com/q5RHmGN.jpeg | 另外乖乖食堂的餅乾形狀是細長型跟印象中乖乖不太一樣 | https://i.imgur.com/tNNjIuR.jpeg | 是說... | 最近很多老牌子的餅乾,又開始新一輪的對戰 | 出了很多沒看過的口味 | 其實台式小吃還有很多口味可挑戰 | 我就敲碗... | 豬血湯、東山鴨頭、羊肉爐、薑母鴨、阿給! | -- | 配氣泡類的還行 | 對啊...我家這裡找不到鹹酥雞那款@@ | 4不4...鮪魚口味可能也不錯 | 一個個的 我喜歡 哈哈 | 對...我看到立刻拿一包 | 這好帥,都想吃看看",
全家:健身g肉餐盒,全家,健身G肉餐盒,": | 午餐沒想法跑去全家看來看去 | 最後拿了主打高蛋白質的健身G肉餐盒 | https://i.mopix.cc/CFhggU.jpg | 配菜有豆腐、花椰菜、高麗菜 | 青菜吃起來還算有脆度,不會太爛 | 調味走清淡路線~ | 兩種雞肉吃起來都滿嫩的,不會有柴感 | 薑黃飯是有口感的~ | 整體份量女生吃剛好 | 大胃王可能會覺得有點空虛 | 如果遇到友善時光 7 折會回購! | --",
全家:濃厚鮮乳布丁,全家,濃厚鮮乳布丁,": | 網路搜尋2024脆就有討論文, | 似乎不是新產品,不過在萊爾 | 富找生乳布丁過程中偶然發現 | 全家也有類似產品就買來比較 | ,據朋友說全家款包裝很像 | lawson生乳布丁,然後萊爾富 | 的生乳布丁比lawson的甜,不 | 過個人沒吃過lawson布丁,純 | 粹兩家布丁比較起來是差不多 | 甜,成分表也很像,萊爾富的 | 吃完才想到忘了拍熱量表,照 | 片如下: | https://i.meee.com.tw/3hUEXmC.jpg | 整體而言是好吃,不健康的那 | 種,香純濃郁,不過剛吃完後 | 不會想馬上再吃第二個,可能 | 鮮奶油的油量高造成腸胃負擔 | 吧,萊爾富目前特價兩個60 | 比全家一個40划算,但有夠 | 難找,蹲好幾天才在架上找到 | 。 | --",
7-11:阜杭豆漿饅頭夾豬排蛋,7-11,阜杭豆漿饅頭夾豬排蛋,: | https://i.imgur.com/1VFYOtQ.jpeg | https://i.imgur.com/LtRYH1g.jpeg | https://i.imgur.com/RnzqIHk.jpeg | 終於等到乞丐時光 | 這個好好吃捏 | 肉吃起來跟早餐店豬排一模一樣 | 裡面有花生醬蠻意外 | 口味很棒 | 原價69有點貴 乞丐時光很推 | 不過饅頭吃起來跟燒肉包子的包子沒什麼差別 | -- || : | http://i.imgur.com/pV3gPJ3.jpg | 本來想說 | 誰會在超商買饅頭夾肉排蛋 | 但又覺得 | 我不入地獄誰入地獄 | 就用OP1+62換購了 | http://i.imgur.com/vSPDk6D.jpg | 微波完的饅頭 | 不會變成紙黏土 | 還是很濕潤很Q | 超厲害 | 裡面的花生醬有顆粒 | 配那個蛋超級加分 | 整體吃完覺得好好吃 | i珍食有的話要不顧一切全款拿下!!!!!! | (圖文內容 請務必圖文獨立 不可單獨貼網址或單獨文字內容) | -- | --,
7-11:鮮蝦明太子冷義大利麵,7-11,鮮蝦明太子冷義大利麵,: | https://i.imgur.com/J1TUF5i.jpeg | https://i.imgur.com/shqAYp4.jpeg | 89買不下去 | 第一次在乞丐時光看到 | 是蠻好吃 | 但是份量超級少 | 果然89沒買是對的姆咪 | --,
7-11:優菓甜坊可可玉米片奶酪,7-11,優菓甜坊可可玉米片奶酪,: | https://i.imgur.com/YoD8pjJ.jpeg | 是能吃 不過同價位要選我會選豆花 | 然後不知道能不能這樣比 | 醇奶布丁屌打 | https://i.imgur.com/gFsBJJN.png | --,
全家:一度贊蒜味豚骨麵,全家,一度贊蒜味豚骨麵,": | https://i.mopix.cc/06i9Ht.jpg | 很像日式豚骨湯頭加了很多蒜 | 蒜味很夠,愛蒜者應該會蠻愛的 | 麵體偏細,有點像台酒麻油雞麵那種口感 | https://i.mopix.cc/6TaIMP.jpg | 蠻好吃的~湯頭夠濃也不會太鹹 | 搭微波袋裝省10塊就多買了包蒜香滷味 | https://i.mopix.cc/TCPD6v.jpg | 內容物有豬皮、雞胗跟蛋 | 豬皮很Q,吃起來不會有油感 | 原先想配著吃的,後來直接整包倒進泡麵裡 | 湯的蒜味變得更重,更好喝誒 | --",
全家:蒜香綜合滷味,全家,蒜香綜合滷味,": | https://i.mopix.cc/06i9Ht.jpg | 很像日式豚骨湯頭加了很多蒜 | 蒜味很夠,愛蒜者應該會蠻愛的 | 麵體偏細,有點像台酒麻油雞麵那種口感 | https://i.mopix.cc/6TaIMP.jpg | 蠻好吃的~湯頭夠濃也不會太鹹 | 搭微波袋裝省10塊就多買了包蒜香滷味 | https://i.mopix.cc/TCPD6v.jpg | 內容物有豬皮、雞胗跟蛋 | 豬皮很Q,吃起來不會有油感 | 原先想配著吃的,後來直接整包倒進泡麵裡 | 湯的蒜味變得更重,更好喝誒 | --",
萊爾富:台式海陸炒麵,萊爾富,台式海陸炒麵,": | https://i.mopix.cc/GC7UPR.jpg | https://i.mopix.cc/V9cVWr.jpg | 攪拌後的份量比想像的還多, | 麵條很入味吸飽醬汁, | 肉絲吃得出來有醃過, | 蛤蜊和超大蝦仁都還保有海鮮味, | 整體調味不會過鹹, | 本來只是單純來買日系飲料, | 就順便買了午餐, | 之後若是不知道要吃什麼會再來回購。 | --",
全家:大冰特濃拿鐵,全家,大冰特濃拿鐵,": | https://imgur.com/a/hw4voKB.jepg | https://imgur.com/a/2xpxOb9.jepg | https://imgur.com/a/9UjLHng.jepg | 月經來就是想吃甜的 被代言人告五人燒到不行 | 晃去全家看來看去這顆泡芙最吸引我 | 點心搭配拿鐵有半價 | 半價加購一顆泡芙真的滿划算的XD | 平常我都是喝經典拿鐵比較多,特濃拿鐵喝起來咖啡香氣有比較明顯 | 整體味道會比較濃郁,但奶味相對比較淡 | 咖啡感會比較明顯,如果平常喜歡咖啡味重一點的人應該會滿喜歡的 | 甜點可可脆皮泡芙蠻大一顆的,有份量感 | 外層吃起來有點像脆皮雪糕的巧克力脆殼,咬下去是脆脆的口感 | 最驚喜的是內餡給得很有誠意,每一口都可以吃到餡 | 咬下去濃濃的可可味道衝出來, | 原諒我..真的無法咬得很優雅XD | https://imgur.com/a/nzXUZHA.jepg | 一整顆吃完也不會覺得甜膩 | 怕膩的人可以考慮搭配美式或無糖茶 | 感覺下次先丟冷凍再吃,應該會有吃冰淇淋的感覺吧(?? | 這次組合我蠻喜歡的 | 脆皮可可泡芙我很喜歡 | 有半價加購的我會願意回購~ | -- | Sent from nPTT on my iPhone 15 | --",
全家:可可脆皮泡芙,全家,可可脆皮泡芙,": | https://imgur.com/a/hw4voKB.jepg | https://imgur.com/a/2xpxOb9.jepg | https://imgur.com/a/9UjLHng.jepg | 月經來就是想吃甜的 被代言人告五人燒到不行 | 晃去全家看來看去這顆泡芙最吸引我 | 點心搭配拿鐵有半價 | 半價加購一顆泡芙真的滿划算的XD | 平常我都是喝經典拿鐵比較多,特濃拿鐵喝起來咖啡香氣有比較明顯 | 整體味道會比較濃郁,但奶味相對比較淡 | 咖啡感會比較明顯,如果平常喜歡咖啡味重一點的人應該會滿喜歡的 | 甜點可可脆皮泡芙蠻大一顆的,有份量感 | 外層吃起來有點像脆皮雪糕的巧克力脆殼,咬下去是脆脆的口感 | 最驚喜的是內餡給得很有誠意,每一口都可以吃到餡 | 咬下去濃濃的可可味道衝出來, | 原諒我..真的無法咬得很優雅XD | https://imgur.com/a/nzXUZHA.jepg | 一整顆吃完也不會覺得甜膩 | 怕膩的人可以考慮搭配美式或無糖茶 | 感覺下次先丟冷凍再吃,應該會有吃冰淇淋的感覺吧(?? | 這次組合我蠻喜歡的 | 脆皮可可泡芙我很喜歡 | 有半價加購的我會願意回購~ | -- | Sent from nPTT on my iPhone 15 | --",
7-11:多力多滋芥末玉米片,7-11,多力多滋芥末玉米片,: | 剛剛到7-11正好店員上架 | 一次買兩包、100元 所以應該是50元一包 | 吃起來會很嗆 | 所以不能一次吃太多片XD | 不過也不是每一片都很嗆 有點奇妙(?) | (可能是生產過程關係吧) | 吃過一次就好了 不會想再回購 | --,
全家:法式蕈菇起司雞排飯糰,全家,法式蕈菇起司雞排飯糰,: | 圖多多版本: | https://bit.ly/49i4T0U | 影片版: | https://www.threads.com/@dressingfrad_/post/DYtUFygDfwW?hl=zh-tw | 全家大口飯糰口味多 | 趕快趁優惠券試試看 | 常駐經典選項 | 法式蕈菇起司雞排飯糰 | 外層蛋皮使用的是 | 大武山雞蛋 | 是說研究了一下/ | 大口飯糰好像用海苔的種類超級少 | https://pimg.1px.tw/blog/dressingfrad/album/303510220/868366727937540469.jpg | 雞排可以 | 看到其厚度可 | 以被稱讚 | 起司和 | 味道也很明確 | 整體份量也滿足夠 | 的確有達 | 到大口飯 | 糰的字面標準 | -- | https://www.facebook.com/dressingfrad | --,
7-11:美福米其林1星米香餐廳雞燴飯,7-11,美福米其林1星米香餐廳雞燴飯,": | 心得: | 微波後,打開後散發出非常濃郁的麻油與薑的三杯雞香氣, 無骨三杯雞大約有3中3小個 | ,三杯醬汁澆在粒粒分明米飯,帶出香味與美味很下飯。但少了九層塔少一味,有點可惜 | 。 | 開箱4K影片: | https://www.youtube.com/watch?v=0IkZD8XTCJs | # 7-11星級饗宴系列:台北美福大飯店米香台菜餐廳主廚監製之三杯雞燴飯 | 米香台菜餐廳2021-2025年獲米其林一星殊榮,是一家主廚很厲害的餐廳。 | 標榜:三杯雞燴飯醬香濃郁 並且 三杯入味 | # 內容有:雞腿肉,玉米筍,杏鮑菇,蠔油,醬油膏,薑,辣豆瓣醬,芝麻油,辣椒 | 雞腿肉不帶骨,選用比較好吃的部位,口感不錯。 三杯雞醬汁香氣十足,打開包裝後整 | 間都是三杯雞的香味,也可吃到玉米筍2小個,和一點點杏鮑菇。米飯量中等。燴飯還是 | 微波食品比較容易表現正常的。 | --",
7-11:潮粵坊鴨肉捲餅,7-11,潮粵坊鴨肉捲餅,: | https://i.imgur.com/XXD17nT.jpeg | https://i.imgur.com/ucFr6h2.jpeg | https://i.imgur.com/aV7O5sW.jpeg | 看好久的新品 | 終於等到特價 | 內餡超少 | 吃了個空虛姆咪 | 不如之前的香菜香腸 | --,
全家:媽媽煮藝蒜香綜合滷味,全家,媽媽煮藝蒜香綜合滷味,": | 看到全家有這個深夜食堂超級配組合 | 也想跟一下告五人的一日五食 | 拿了一直想嘗試的詹姆士香蒜胡椒肉骨茶麵 | 終於有機會可以試試看 | 先說心得:好吃 | 但缺點就是價格偏高,湯頭認真的很濃郁,滿滿的蒜香跟胡椒香氣 | 胡椒的辛香跟蒜頭香氣融合得不錯 | 肉也很軟,入口即化 | 搭配我平常就很愛吃的蒜香綜合滷味 | 可惜家裡剛好沒蔥花 | 不然就可以加上去XD | 這一頓吃下來真的蒜~到不行 | 宵夜組合這樣吃真的好爽好滿足 | 暫時先不想會不會水腫惹哈哈哈哈哈哈 | -- | Sent from nPTT on my iPhone 11 Pro Max | --",
全家:香蒜胡椒肉骨茶麵,全家,香蒜胡椒肉骨茶麵,": | 看到全家有這個深夜食堂超級配組合 | 也想跟一下告五人的一日五食 | 拿了一直想嘗試的詹姆士香蒜胡椒肉骨茶麵 | 終於有機會可以試試看 | 先說心得:好吃 | 但缺點就是價格偏高,湯頭認真的很濃郁,滿滿的蒜香跟胡椒香氣 | 胡椒的辛香跟蒜頭香氣融合得不錯 | 肉也很軟,入口即化 | 搭配我平常就很愛吃的蒜香綜合滷味 | 可惜家裡剛好沒蔥花 | 不然就可以加上去XD | 這一頓吃下來真的蒜~到不行 | 宵夜組合這樣吃真的好爽好滿足 | 暫時先不想會不會水腫惹哈哈哈哈哈哈 | -- | Sent from nPTT on my iPhone 11 Pro Max | --",
全家:蔬活腿排補力餐盒,全家,蔬活腿排補力餐盒,: | 圖多多版本: | https://bit.ly/4a1Np9d | 影片版: | https://www.threads.com/@dressingfrad_/post/DYv0f9JDfNO?hl=zh-tw | 全家餐盒 | 研究了各種選項之後 | 蔬活腿排補力餐盒 | https://pimg.1px.tw/blog/dressingfrad/album/303510220/870158597025975355.jpg | 打開來看看 | 半顆水煮蛋切片 | 腿排切片底下有炒高麗菜紅蘿蔔 | 澱粉還有紫米飯 | 帶皮 | 腿排吃起來比另一款的雞胸好吃 | 高麗菜帶甜 | 青花椰 | 菜馬鈴薯都表 | 現正常 | 有澱粉也很適合要打拼的日子 | 整體來說份量和價格算是符合 | 熱量也不會太高很 | 令人欣慰? | -- | https://www.facebook.com/dressingfrad | --,
全家:冰心乳酪條,全家,冰心乳酪條,: | 圖多多版本: | https://bit.ly/3S23cib | 影片版: | https://www.threads.com/@dressingfrad_/post/DYyb-7vja-f?hl=zh-tw | 全家便利商店 | 冷藏區甜點 | 這款最近又買一送一 | 冰心乳酪條 | https://pimg.1px.tw/blog/dressingfrad/album/303510220/886141770209708729.jpg | 有塑膠殼承裝 | 可以看到就是 | 大福皮包 | 著長條乳酪蛋糕 | 大福皮就是常見的版本 | 乳酪蛋糕 | 強烈 | 底下的餅乾也是強調感不算多 | 但是冰涼感吃起來不會掉 | 屑還不錯 | -- | https://www.facebook.com/dressingfrad | --,
全家:紅豆燕麥麵包,全家,紅豆燕麥麵包,": | 嚐鮮新出的減糖系列 | https://i.imgur.com/Us6itm4.jpeg | 先說紅豆這款 | https://i.imgur.com/RW2R5R1.jpeg | 紅豆泥裡有和著燕麥,多了顆粒QQ的口感 | 也有種在吃大紅豆泥的fu | 麵包蠻鬆軟的,配個內餡吃不會乾 | 順便跟一般紅豆麵包比了下糖量 | 一般版100公克的糖量是16.7克 | https://i.imgur.com/b8Tbdfw.jpeg | 減糖版90公克的糖量是9.5克 | https://i.imgur.com/dSHGRB2.jpeg | 糖量真的少蠻多的 | 實際吃起來也比較不甜 | 推薦給愛吃紅豆麵包又怕太甜的人可試 | https://i.imgur.com/kVplvw2.jpeg | 檸檬燕麥這款也蠻好吃的 | 燕麥味蠻重的,外皮有不少燕麥顆粒 | 麵包口感有點嚼勁,有個淡淡的麥香 | 檸檬內餡不會太甜,檸檬味是低糖清爽那種 | 平常就蠻愛燕麥類的飲品或食物 | 這兩款都蠻推的 | 以後早餐又能多點選擇了 | ----- | Sent from JPTT on my iPhone | --",
全家:檸檬燕麥豆漿餐包,全家,檸檬燕麥豆漿餐包,": | 嚐鮮新出的減糖系列 | https://i.imgur.com/Us6itm4.jpeg | 先說紅豆這款 | https://i.imgur.com/RW2R5R1.jpeg | 紅豆泥裡有和著燕麥,多了顆粒QQ的口感 | 也有種在吃大紅豆泥的fu | 麵包蠻鬆軟的,配個內餡吃不會乾 | 順便跟一般紅豆麵包比了下糖量 | 一般版100公克的糖量是16.7克 | https://i.imgur.com/b8Tbdfw.jpeg | 減糖版90公克的糖量是9.5克 | https://i.imgur.com/dSHGRB2.jpeg | 糖量真的少蠻多的 | 實際吃起來也比較不甜 | 推薦給愛吃紅豆麵包又怕太甜的人可試 | https://i.imgur.com/kVplvw2.jpeg | 檸檬燕麥這款也蠻好吃的 | 燕麥味蠻重的,外皮有不少燕麥顆粒 | 麵包口感有點嚼勁,有個淡淡的麥香 | 檸檬內餡不會太甜,檸檬味是低糖清爽那種 | 平常就蠻愛燕麥類的飲品或食物 | 這兩款都蠻推的 | 以後早餐又能多點選擇了 | ----- | Sent from JPTT on my iPhone | --",
全家:綿蜜雪花蛋糕,全家,綿蜜雪花蛋糕,: | 圖多多版本: | https://bit.ly/43f9VaR | 影片版: | https://www.threads.com/@dressingfrad_/post/DYWC2n9jS-p?hl=zh-tw | 全家 | 綿蜜雪花蛋糕 | 本想說哪裡有雪花 | 看了一下說明 | 有上白糖和龍眼蜜 | 難道這就是傳說中的 | 蜂蜜蛋糕圓圓版 | 嗎 | https://pimg.1px.tw/blog/dressingfrad/album/303510220/866541509132700667.jpg | 個頭來說是滿大的 | 確表面帶 | 一點濕潤 | 吃起來沒有像蜂蜜蛋糕那樣甜 | 有一點想拿 | 去烤酥脆 | 應該不錯 | -- | https://www.facebook.com/dressingfrad | --,
7-11:綠寶石葡萄三明治,7-11,綠寶石葡萄三明治,": | 個人挺愛吃無籽葡萄,市場大 | 部分國家的無籽葡萄(秘魯、 | 智利、印度、韓國、南非等) | 都吃過,這款口感挺像秋脆, | 清脆不會太甜,正面照是一排 | 切半葡萄,背面圖可見整顆葡 | 萄,至少不是刀工詐欺,鮮奶 | 油也挺不錯,日本這類產品很 | 多,不知台灣超商為啥最近才 | 跟上,有些早餐店也有水果三 | 明治不過沒有鮮奶油,大概有 | 鮮奶油需要冷藏,還有另一款 | 綜合水果似乎是奇異果跟水蜜 | 桃?價位等唉珍食比較划算。 | --",
7-11:懷舊滷雙拼便當,7-11,懷舊滷雙拼便當,": | 比起小7的雙拼便當,沒用的筍絲變很少,雞腿變很大隻,肉片也很厚 | --",
7-11:玉米起司蛋餅,7-11,玉米起司蛋餅,: | 有天吃午餐看到711有蛋餅 太好奇味道了 | 而且還有附醬料 結果微波之後沒有油耗味 | 起司也蠻有味道的 真令人意外的好吃 | 雖然55小貴 不過是新奇的體驗 | https://i.imgur.com/a/EGXaCF3.jpg | --,
萊爾富:泰式奶茶多利多茲爆脆捲爆蒜濃蝦,萊爾富,泰式奶茶多利多茲爆脆捲爆蒜濃蝦,": | 今天路過萊爾富看到之前缺貨買不到的特價泰式奶茶,這次剛好有貨就買來喝看看, | 並且順便買多力多滋的爆捲脆吃看看,泰式奶茶喝起來超甜,真的要等冰塊融化一些混勻 | 再喝會比較好,喝到最後才發現這是有放茶包的,看到底部一坨黑黑的,剛看到有點被嚇 | 到。 | 爆捲脆的話吃起來就是多力多滋的味道,只是捲成棍狀而已,熱量和納含量一樣相當可觀 | 更慘的是吃完沒有像普通包吃完的滿足感,就是包裝用杯子裝好看一點,早知道應該打開 | 後直接到進杯子測量有幾分之幾杯,大概是都不會再回購了。 | --",
7-11:台式炒麵,7-11,台式炒麵,": | https://postimg.cc/7Jr10bhp | (我手機爛照得很失真 所以借脆上人家的照片) | 這間公司目前還非常不成氣候 | 超商食品介紹的最清楚的是7-11 | 我家有賣那些種類的食物都寫得很清楚 | 全家有介紹 | 但是品項不詳細,有的找不到 | 可能是更新很慢 | 但是他有一個優點是711沒有的 | APP可以按品項來找 | 如果你想找某個話題商品 | 或是突然想吃某款食品 | 可以去APP找不用像711得一間店一間店去看 | 萊爾富就神奇了 | 網站弄得像國中生水準沒關係 | 然後自家有哪些鮮食可選 | 完全沒介紹 | 所以到現在他家有什麼獨創的食物 | 我也沒弄清楚 | 剛好昨天買布丁知道他要開始改革 | 所以查了一下 | 他家鮮食最受好評的是這個台式炒麵 | 所以就去買來吃 | 照片上那三個大蝦仁是真的很大 | 應該有50元硬幣了 | 看著就很賞心悅目 | 然後配菜還有蛤肉,碎肉,高麗菜,洋蔥那些 | 很傳統的台式醬油口味 | 不是現在熱炒店流行的沙茶風 | 料算多,至少比另外兩大的89義麵 | 吃完沒有空虛感 | 非常高興萊爾富要來加入搶奪市場 | 之前的兩大把持讓整個超商的商品同質嚴重 | 而且越來越少創意 | 攪亂一潭死水不管在價錢競爭上 | 商品推陳出新上 | 最大的獲利絕對是消費者 | --",
全家:鮮乳坊綿乳杯子蛋糕,全家,鮮乳坊綿乳杯子蛋糕,: | 圖多多版本: | https://bit.ly/4wAZmfO | 影片版: | https://www.threads.com/@dressingfrad_/post/DYd2-CPjSYT?hl=zh-tw | 全 | 第二篇 | 對的就是買一送一 | 這次也是經典款 | 杯子蛋糕 | 而且是和 鮮乳坊 聯名的 | 綿乳杯子蛋糕 | https://pimg.1px.tw/blog/dressingfrad/album/303510220/866541635486107032.jpg | 杯子蛋糕也是小時候的回憶之一 | 就是這樣 | 小小一個 很簡 | 單又很純粹的海綿蛋糕 | 看到有時候就會忽然想吃 | 然後連著的紙也會考慮 | 要 | 不要啃一下 誤 | -- | https://www.facebook.com/dressingfrad | --,
7-11:檸檬卡士達綜合水果三明治,7-11,檸檬卡士達綜合水果三明治,": | 前面葡萄三明治有留言提到 | 綜合水果也不錯就買來試試 | ,說是綜合其實也就兩種, | 特地標明西班牙水蜜桃是想 | 表明不是一般罐頭水蜜桃? | 香氣是挺足,也沒有看到額 | 外添加香料,只有個脂肪抹 | 醬不知有啥功用,也許卡士 | 達醬不夠黏稠?斷面照如上 | ,比起葡萄三明治有舖到後 | 面這個就相對接近刀工詐欺 | ,而且葡萄三明治三層都有 | 塗滿鮮奶油,但這款價格低 | 14$,相比葡萄單一味道 | ,綜合水果整體香氣較豐富 | ,卡士達醬還有檸檬香,喜 | 好就見人見智,個人還是比 | 較喜歡鮮奶油款,卡士達醬 | 感覺稀缺度較低(?) | --",
其他:多力多滋爆脆捲,其他,多力多滋爆脆捲,":把原來的三角形捲起來而已,每包含量變少,口感也沒什麼特別,原以為是爆 | 漿,結果就是吃一個空虛。",
全家:桃氣奶霜蛋糕,全家,桃氣奶霜蛋糕,": | 之前吃過一款桃我開心塔是 | 半顆杏桃搭配硬塔皮,這款 | 則是杏桃片搭配奶霜蛋糕, | 切片後罐頭水蜜桃感降低, | 加上柔軟奶霜蛋糕整體很順 | 口,有點像在吃迷你生日蛋 | 糕的感覺(?) | --",
全家:無敵家蔥蔥玉子拌麵,全家,無敵家蔥蔥玉子拌麵,": | 全家便利商店 (FamilyMart) 與東京池袋知名的拉麵店 「麵創房 無敵家」 聯名推出的 | 「蔥蔥玉子拌麵」。 | 心得: | 份量不大,重鹹重油,肉沬有些硬塊,日式熱乾麵的口感。優點是醬有沾上麵 | 但沒有肉片,原價是盤子價。 | https://www.youtube.com/watch?v=qFWxIEN7oaw | 選用較粗且帶有捲度的黃麵,具備嚼勁,能有效吸附濃厚醬汁。 | 靈魂肉燥:呈現深褐色的碎肉燥,是整份拌麵的核心鹹鮮味來源。 | 青蔥與紫洋蔥:包含蔥花與切丁的紫洋蔥,提供辛辣感。 | 炸油蔥酥:炸過的油蔥,用以增加整體的香氣與脆口層次。 | 溏心蛋:只有1/4的蛋 | --",
全家:鐵道滷排便當,全家,鐵道滷排便當,": | 好吃會再買。 滷排大片(約男子手掌打開大小)帶點甜很好吃, | 滷豆皮更是便當中的靈魂,滷的很透,咬下後有豆皮滷汁流出。米飯也粒粒分明。 | 缺點就是沒有滷蛋。 | https://www.youtube.com/watch?v=tRSihRJOXcg | 帶骨滷排骨是整個便當的靈魂,色澤深潤且滷汁入味,呈現出傳統台式滷的鹹甜風味 | 。 | 配菜: | 筍絲提供了必要的酸鹹感,是模仿便當風格的關鍵,能有效解除滷肉的膩感。 | 滷豆皮吸飽了醬汁,為整份餐點增加了不同的層次。 | 香腸切片只有一迷你片,迷你的驚喜。 | --",
全家:花生牛奶雪糕,全家,花生牛奶雪糕,: | https://i.meee.com.tw/PzLWunE.jpg | https://i.meee.com.tw/xNjh5aD.jpg | 基底的牛奶雪糕不會太化學 | 不是加很多奶油的稠稠口感 有淡淡牛奶香 | 花生部分有點口齒留香但不甜膩 | 算是剛剛好的濃度 | 吃得出來和枝仔冰的香料味有差 | 還加了不少花生角 不錯 | -- | 各具風情的台南咖啡店 | https://i.meee.com.tw/TNngYLv.jpg | https://i.meee.com.tw/qlgVtQR.jpg | https://i.meee.com.tw/zcGoKp6.jpg | https://i.meee.com.tw/5nNJw9e.jpg | -- | 花生,
7-11:茶裏王正山小種,7-11,茶裏王正山小種,: | https://i.meee.com.tw/q1sSssA.jpg | 據說是紅茶鼻祖的正山小種茶葉 | 如果你是為了無糖紅茶而來可能會跟我一樣失望 | 松木煙燻讓喝起來沒有什麼茶味 | 反而都是煙燻的味道 | 聞起來像烏梅汁 | 背面寫像桂圓(龍眼乾)湯也有道理 | 喝了半瓶以後又加了其他紅茶才解決掉 | == | --,
7-11:紅豆丹麥土司,7-11,紅豆丹麥土司,: | 圖多多版本: | https://bit.ly/4dDh0bj | 影片版: | https://www.threads.com/@dressingfrad_/post/DYOtJB1DZOC?hl=zh-tw | 難得看到7-11 i珍食 | 有很可 | 愛的紅豆丹麥吐司 | 全聯也有這種麵包也很愛購入 | 這次來試試看統一的版本 | https://pimg.1px.tw/blog/dressingfrad/album/303510220/886141757861676119.jpg | 跟全聯的不同 | 7-11的丹麥紅豆吐司 | 是比較立體 | 的 | 一圈一圈吐司可以 | 看到紅豆本人 | 常溫吃起來 | 感覺沒有像全聯一樣 | 香氣 | 和紅豆甜度都比較 | 弱 | 當然如果加熱後是比較好的表現 | 但如果常溫吃就有 | -- | https://www.facebook.com/dressingfrad | --,
7-11:猋師傅重量級饗宴大大大雞排,7-11,猋師傅重量級饗宴大大大雞排,": | 不小片吃的飽,不會過油,有特價會回購。原價太貴了。 | https://www.youtube.com/watch?v=i11FIb0lS6k | 使用加熱方式:小米氣炸鍋雞翅模式-加翻面 | 雞排面積很大,氣炸後外皮酥脆,肉量足夠,並不會過油,皮不會厚粉,肉質還可以不會乾柴 | , | 肉吃完,換吃皮,皮上的粉,也很香。 | 有特價的話會再回購。 | --",
全家:x大埔鐵板燒爆炒雞丁飯,全家,x大埔鐵板燒爆炒雞丁飯,": | 看到友善時光FamilyMart x 大埔鐵板燒 爆炒雞丁飯 | 買來吃吃看,還不錯,不過肉偏少,吃完蠻空虛的 | 下次來吃吃看鐵板炒麵 | --",
7-11:港式叉燒油雞雙寶飯,7-11,港式叉燒油雞雙寶飯,": | 廣告圖長這樣 | https://i.imgur.com/Eb0sVHu.jpeg | 實際長這樣 | https://i.imgur.com/S5SLT4y.jpeg | 雞肉沒什麼特別,就有吃過超商便當的應該都能想像出來的味道跟口感 | 叉燒好像在超商比較少見,肉不會乾硬,比很多燒臘店的好吃了 | 只是這價格不太ok,肉只有各三片,幾口就沒了 | 另外現在可以1點+99元(還是盤),想嘗鮮的記得換一下 | --",
全家:多力多滋爆脆捲爆蒜濃蝦玉米捲,全家,多力多滋爆脆捲爆蒜濃蝦玉米捲,": | 看到包裝很特別才買的,但是味道口感將真的,跟普通三角版一樣,差別大概跟你吃沖抓 | 餅一樣,捲起來跟攤開來吃,吃在嘴裡基本沒區別,但是整袋48g份量小到笑。 | 40元還不如去 家樂x 或 全x 買原價50還是55元特價39-42元的102g多力多姿普通包裝。 | https://i.mopix.cc/2rZHIe.jpg | https://i.mopix.cc/wWKuDN.jpg | https://i.mopix.cc/067GZB.jpg | https://i.mopix.cc/Wd7kW8.jpg | 打開來我還沒吃就這麼少 | --",
7-11:鴨肉捲餅,7-11,鴨肉捲餅,":本人算是烤鴨捲餅的愛好者,現在夜市的價位通常是60元起,我是在滑脆的時 | 候被燒到的,特地買回來開箱,沒想到如此令我驚艷,這鴨肉給得很大方耶!比起夜市給的 | 鴨肉絲來說,這肉量我很滿意呀,可能有人會覺得少了小黃瓜絲,但我覺得可有可無,脆 | 脆的部分用的就是跟飯糰一樣的吐司條,脆上面推薦微波時間要久一點,真的熱熱更好吃 | ,希望下一批產品的加熱時間可以久一點,不然目前微波1(約10秒)真的太短了,商品也還 | 是冷冰冰的!!!(脆上面推薦微波3) | 京醬肉絲飯糰這個不知道是不是我臉黑,肉量有夠少,差點就索然無味了,要不是有看到 | 肉,我還以為在吃京醬肉絲風味的飯糰,米飯味道都蓋過主菜了! | --- | https://i.meee.com.tw/S5yUFxr.jpg | https://i.meee.com.tw/WgLlP0X.jpg | https://i.meee.com.tw/3ursNUv.jpg | https://i.meee.com.tw/YfbwIAh.jpg | https://i.meee.com.tw/ueAAERj.jpg | -- | https://i.meee.com.tw/c1ZjZIx.jpg | https://i.meee.com.tw/DXEqrV9.jpg | https://i.meee.com.tw/wVHHtTG.jpg | --",
7-11:京醬肉絲飯糰,7-11,京醬肉絲飯糰,":本人算是烤鴨捲餅的愛好者,現在夜市的價位通常是60元起,我是在滑脆的時 | 候被燒到的,特地買回來開箱,沒想到如此令我驚艷,這鴨肉給得很大方耶!比起夜市給的 | 鴨肉絲來說,這肉量我很滿意呀,可能有人會覺得少了小黃瓜絲,但我覺得可有可無,脆 | 脆的部分用的就是跟飯糰一樣的吐司條,脆上面推薦微波時間要久一點,真的熱熱更好吃 | ,希望下一批產品的加熱時間可以久一點,不然目前微波1(約10秒)真的太短了,商品也還 | 是冷冰冰的!!!(脆上面推薦微波3) | 京醬肉絲飯糰這個不知道是不是我臉黑,肉量有夠少,差點就索然無味了,要不是有看到 | 肉,我還以為在吃京醬肉絲風味的飯糰,米飯味道都蓋過主菜了! | --- | https://i.meee.com.tw/S5yUFxr.jpg | https://i.meee.com.tw/WgLlP0X.jpg | https://i.meee.com.tw/3ursNUv.jpg | https://i.meee.com.tw/YfbwIAh.jpg | https://i.meee.com.tw/ueAAERj.jpg | -- | https://i.meee.com.tw/c1ZjZIx.jpg | https://i.meee.com.tw/DXEqrV9.jpg | https://i.meee.com.tw/wVHHtTG.jpg | --",
7-11:bf薄荷岩鹽檸檬糖,7-11,BF薄荷岩鹽檸檬糖,": | 之前也有吃過其他牌子的這種糖,只是尾韻都會帶點苦。 | 但這個牌子的不會苦 | 薄荷不會太涼,吃得到喜馬拉雅岩鹽,鹹甜鹹甜的。 | https://i.imgur.com/FYbmgc7.jpeg | https://i.imgur.com/HpidV04.jpeg | https://i.imgur.com/SesBWYM.jpeg | https://i.imgur.com/Z7VoTbH.jpeg | 查了一下發現這糖其實算是運動糖果,裡面的成分可以補充電解質,有加薄荷所以也可以 | 當喉糖。除了飯後解膩以外,功效還蠻多,反正我是很喜歡XD | --",
全家:巧酥餅乾泡芙,全家,巧酥餅乾泡芙,": | https://i.meee.com.tw/Jrm8SzH.jpg | https://i.meee.com.tw/r8JPfe8.jpg | CP值很高的點心,用量完全沒在客氣 | 巧克力不會死甜,內餡也不膩 | 友善有看到的話很建議拿一顆吃看看~ | -- | 對吧對吧~",
全家:貝納頌茶韻拿鐵,全家,貝納頌茶韻拿鐵,": | https://bashify.io/i/nJlCxH | 結論就是不好喝,雖然我怕太甜有加冰塊杯子來裝,但是整體的茶味很明顯也很突兀 | 跟其他同品牌的調味咖啡相比真的不好喝,我還看到有蜜香堅果風味的,下次試看看 | --",
7-11:泰式奶茶霜淇淋,7-11,泰式奶茶霜淇淋,": | 吃完午餐經過全家剛好看到泰奶口味上架就點來吃 | https://i.ibb.co/XxC7vSPS/1.jpg | (剛看到兩圈半有點錯愕,餅乾口徑比較寬就不跟店員計較了) | 一入口有點奇妙的味道...嗯,是泰奶沒錯 | 不會甜到很膩,也有微微茶味 | 融化速度以5分最快來記的話是2分,可以慢慢享用 | 印象跟小七的泰奶口味差不多 | 算安全牌,但也不會特別很快想再吃一次,故打佳作的分數 | ----- | Sent from MeowPtt on my XQ-EC72 | --",
7-11:雙腸大亨堡,7-11,雙腸大亨堡,": | https://bashify.io/i/4EVuKc | 這次到小7看到大亨堡新的優惠,一次塞滿兩根不同熱狗的大亨堡特價75,想說 | 很久沒吃熱狗了所以就買來吃看看,為講求儀式感我是把熱狗和麵包買回家後 | 先用電鍋小蒸一下復刻古早大亨堡麵包濕潤的口感,順便也讓熱狗再加熱一下 | 然後還另外買一盒沙拉想說拿些生菜放在熱狗堡裡面,然後才發現現在小7買沙拉沒有 | 附贈沙拉醬了要貼錢加購,最後整個流程處理完我的熱狗堡還是相當的難看,但是吃起來 | 是蠻爽的感覺,只是可惜那家小7的黃芥末都沒有了。 | --",
全家:茉莉茶園紅柚淺焙,全家,茉莉茶園紅柚淺焙,": | https://i.verb.tw/w95bmgu3.jpg | https://i.verb.tw/epnvPRPM.jpg | 今天在全家看到新品就順手買來試試 | 第一口喝下去滿滿葡萄柚香跟烏龍茶味,後面帶一點微酸甜感,整體口感很清爽,喝起來蠻 | 順的 | 我個人很不愛那種很甜或很化學感的果茶,好險這款完全不會 | 最近夏天要來了,感覺就很適合悶悶的天氣來一口消暑 | --",
全家:泰式奶茶起司蛋糕霜淇淋,全家,泰式奶茶起司蛋糕霜淇淋,: | 綜合 | https://i.mopix.cc/3kwdj6.jpg | 單口味 | https://i.mopix.cc/LGKeG3.jpg | 之前的起司蛋糕 100分 | https://i.mopix.cc/Ziezi8.jpg | 全家「泰式奶茶x起司蛋糕霜淇淋」 | 單口味偏甜會膩 像加了很多糖的立頓奶茶(?) | 吃綜合的加上起司蛋糕甜鹹口感 | 可以中和泰奶的甜味 | 之前單吃起司蛋糕口味真的超好吃 | --,
全家:泰式奶茶霜淇淋,全家,泰式奶茶霜淇淋,: | https://i.meee.com.tw/lsrwdOF.jpg | 甜度比適中再甜一些些 | 算是有把泰奶和一般奶茶的差異做出來? | 奶味足夠 也吃得到淡淡茶香 | 滿還原滿標準的口味 | (對全家霜淇淋 我覺得這是很大程度的稱讚) | 好吃 顏色也很鮮艷好看 | 明天是特價最後一天 滿推薦試試 | -- | 各具風情的台南咖啡店 | https://i.meee.com.tw/TNngYLv.jpg | https://i.meee.com.tw/qlgVtQR.jpg | https://i.meee.com.tw/zcGoKp6.jpg | https://i.meee.com.tw/5nNJw9e.jpg | --,
7-11:鹽烤麻辣雞心,7-11,鹽烤麻辣雞心,": | 對於心臟熱愛者 雞心是最容易獲得的一種心臟了 | 鹽酥雞店大約是4顆25~30元 | 這包我目測大約20顆,但沒來得及細數,就吃到剩4顆 | 而且這雞心算大顆的!!  肥美Juicy | 熱量低、蛋白質高 | 雖然名叫麻辣,但對其實不吃辣的我(平常極限是酸辣湯),完全可以接受,就是有個香氣而 | 已 | 辣度大概0.1/10 | 以下醜醜直拍圖 | https://i.verb.tw/RYTiKVdv.jpg | https://i.verb.tw/eqwzkxL1.jpg | https://i.verb.tw/5S7BpSIu.jpg | ---- | Sent from | BePTT | on my Xiaomi 2109119DG | --",
全家:單品拿鐵,全家,單品拿鐵,": | https://i.imgur.com/BkWXexW.jpeg | 美式果酸味比較明顯 | 拿鐵的酸味剛好被奶味中和掉 | 跟阿里山一樣是偏清爽的拿鐵味 | 特別是尾韻有一點巧克力香氣 | 很順口~蠻好喝的! | https://i.imgur.com/1xh9j4t.jpeg | 甜點配了長青款的提拉米蘇 | 檸檬塔外最常回購的一款 | 上層可可粉微苦,中間慕斯不會太甜 | 唯一缺點大概就是要自備湯匙 | 配咖啡買25好便宜 | https://i.imgur.com/U5g2PSx.jpeg | ----- | Sent from JPTT on my iPhone | --",
全家:提拉米蘇,全家,提拉米蘇,": | https://i.imgur.com/BkWXexW.jpeg | 美式果酸味比較明顯 | 拿鐵的酸味剛好被奶味中和掉 | 跟阿里山一樣是偏清爽的拿鐵味 | 特別是尾韻有一點巧克力香氣 | 很順口~蠻好喝的! | https://i.imgur.com/1xh9j4t.jpeg | 甜點配了長青款的提拉米蘇 | 檸檬塔外最常回購的一款 | 上層可可粉微苦,中間慕斯不會太甜 | 唯一缺點大概就是要自備湯匙 | 配咖啡買25好便宜 | https://i.imgur.com/U5g2PSx.jpeg | ----- | Sent from JPTT on my iPhone | --",
全家:好多蛋,全家,好多蛋,": | https://i.imgur.com/JEHYt4M.jpeg | 照慣例,先看側面有沒有照騙 | 這量可以給過 | https://i.imgur.com/p3kX8aN.jpeg | 餡料是溏心蛋跟兩層蛋沙拉 | 蛋沙拉其中一層是芥末口味 | 不嗆,有個微微的芥末香氣很提味 | 土司很柔軟~整體口感偏濕潤 | 愛蛋沙拉土司的蠻推薦可以試試 | 另一個買了鮪魚溏心蛋口味 | 鮪魚的黑胡椒味蠻重的 | https://i.imgur.com/FuqAkuI.jpeg | 裡面沒有拌芹菜讚讚(有誰也是不能接受鮪魚餡裡有芹菜的XD) | 中間的起司片還抹了點沙拉 | 搭配溏心蛋和鮪魚泥吃起來不會太乾 | 這款也蠻好吃的 | 但私心更偏愛好多蛋! | ----- | Sent from JPTT on my iPhone | --",
全家:鮪魚起司溏心蛋,全家,鮪魚起司溏心蛋,": | https://i.imgur.com/JEHYt4M.jpeg | 照慣例,先看側面有沒有照騙 | 這量可以給過 | https://i.imgur.com/p3kX8aN.jpeg | 餡料是溏心蛋跟兩層蛋沙拉 | 蛋沙拉其中一層是芥末口味 | 不嗆,有個微微的芥末香氣很提味 | 土司很柔軟~整體口感偏濕潤 | 愛蛋沙拉土司的蠻推薦可以試試 | 另一個買了鮪魚溏心蛋口味 | 鮪魚的黑胡椒味蠻重的 | https://i.imgur.com/FuqAkuI.jpeg | 裡面沒有拌芹菜讚讚(有誰也是不能接受鮪魚餡裡有芹菜的XD) | 中間的起司片還抹了點沙拉 | 搭配溏心蛋和鮪魚泥吃起來不會太乾 | 這款也蠻好吃的 | 但私心更偏愛好多蛋! | ----- | Sent from JPTT on my iPhone | --",
全家:貝納頌蜜香堅果風味,全家,貝納頌蜜香堅果風味,": | https://bashify.io/i/UMgvlY | 之前除了貝納頌 茶韻拿鐵 我再去嘗試蜜香堅果的口味,感覺跟其他口味的感覺差不多 | 沒有特別的堅果風味,可能也表示化工加沒想像中的多吧,感覺沒什麼特色,不會再 | 回購的感覺。 | --",
7-11:草莓夾心麵包,7-11,草莓夾心麵包,": | 兩款都是4小入,大小差不多,甜度也滿接近 | 7-11麵包偏紮實,草莓醬甜度中等,帶一點點微酸(真的很淡) | 全家麵包比較鬆軟,內餡塗得比較均勻,還有做成花朵造型 | https://i.mopix.cc/S4oclc.jpg | https://i.mopix.cc/6yq01D.jpg | 小孩原本二家都可以,自從全家換成羅潔塔公主包裝後直接指定全家 | 整體吃起來差異不大,看口感或包裝喜好選就好 | --",
全家:嫩烤香料雞胸排蔬滿盒,全家,嫩烤香料雞胸排蔬滿盒,: | 圖多多版本: | https://bit.ly/3ORyEPh | 影片版: | https://www.threads.com/@dressingfrad_/post/DYGlmxFjZM0?hl=zh-tw | 既然有全家折價券 當然要選最貴的 129元 | 嫩烤香料雞胸排蔬滿盒 | 熱量只有266大卡 要確定捏~ | https://pimg.1px.tw/blog/dressingfrad/album/303510220/870158585059624117.jpg | 正式開箱最貴餐盒? | 首先可以看到竟 | 滿少看到也意外的好吃 | 還有半顆水煮蛋切片 | 玉米粒和毛豆 | 底下還有白菜 | 主菜單然就是香料雞 | 胸肉 | 這款的香料味道比另一款強烈 | 但肉質感覺比較脆口 | 不過 | 有毛豆 | 就是讚 | 唯一的澱粉就是馬鈴薯本尊 | 這款真的是教課書等級了 | 當然價格也就比較高可以被理解 | -- | https://www.facebook.com/dressingfrad | --,
7-11:柱侯牛腱飯,7-11,柱侯牛腱飯,": | 調味很下飯,吃完有驚豔到我XD | 好吃到覺得相腱恨晚,一週可吃兩次 | 比較可惜的是份量偏少,吃完有點空虛 | 不過聽說這款是經過改版 | 有看到很多人說舊版比較好吃跟便宜 | 沒吃過所以無法比較 | https://meee.com.tw/LVAXYqs.jpg | --",
全家:山葵生鮪魚泥脆卷,全家,山葵生鮪魚泥脆卷,": | 上次吃生鮭魚脆卷沒仔細看 | 包裝,這次照步驟來,的確 | 可以不沾手,不過桌面會掉 | 海苔屑,薦議墊張衛生紙之 | 類,口感如同生魚一樣軟爛 | ,外皮海苔酥脆形成反差, | 醃魚醬汁似乎與生鮭脆卷不 | 同,還多了山葵的香氣,又 | 不至於太嗆,整體挺清爽, | 比起鮭魚個人比較喜歡這款 | 。 | --",
7-11:十六茶水果茶,7-11,十六茶水果茶,": | http://i.imgur.com/vqKKZZx.jpg | 原本就很喜歡喝十六茶,他是少數我會持續一直買的無咖啡因飲料, | 現在種類越來越多真的滿好的 | 超商水果茶很多基底都是紅茶,我會睡不著 | 而且容易會有一種香精味 | 喝完嘴巴會覺得很膩 | 但這個用十六茶當基底沒咖啡因,重點是滿不甜的!,尾韻一點點穀物味很特別 | 味道真的還不錯 | 推給咖啡因敏感的大家 | -- | 我是覺得還滿適合的喝起來算順,沒有覺得怪",
全家:抹茶菠蘿,全家,抹茶菠蘿,": | https://i.mopix.cc/HWycSQ.jpg | 衝著耀西聯名買的 | 外層菠蘿皮有淡淡抹茶香,內餡抹茶奶霜給得算有誠意 | https://i.mopix.cc/aqdew2.jpg | 甜度不高、茶味偏清爽,不是濃苦的那種 | 麵包整體鬆軟,順順吃完不會膩 | 下次回購想試試看冰過的口感 | --",
7-11:青醬蛤蜊義大利麵,7-11,青醬蛤蜊義大利麵,": | https://meee.com.tw/pkfQUOB.jpg | 這應該是711最穩的微波食品了吧 | 想不到吃什麼就會順手拿一下,絕對不會出錯 | 大家上班午餐的好夥伴,永遠吃不膩 | 突然也很好奇大家認為超商最穩的微波食品還有哪些? | 我的第二首選通常是佛蒙特咖哩跟泰式打拋豬 | --",
全家:滿滿高麗菜豆芽鐵板麵,全家,滿滿高麗菜豆芽鐵板麵,: | https://i.meee.com.tw/yAN3SLO.jpg | 其實麵沒很多 | 高麗菜跟豆芽底下是沒有麵的 | 高麗菜跟豆芽還不錯吃 | 麵就是早餐廉價炒麵的味道 | 軟軟的 | 60元嘗個味道還行 | 原價千萬母湯買 | --,
萊爾富:椒麻雞飯,萊爾富,椒麻雞飯,": | https://i.mopix.cc/XShKCE.jpg | https://i.mopix.cc/APrHH3.jpg | 我家附近便當(能吃的)最便宜100元起跳,這個109我覺得還算過得去,3種小菜給的 | 量算多(以超商來說,但我家附近的便當店小菜都塞到盒子鼓起來),味道還行,主菜也 | 一般般,給的醬料淋上去,風味明顯提升一個檔次,醬帶酸辣甜,有檸檬跟一種泰國香料 | 的味,酸辣也很開胃,雖然吃起來有點化工味,但我很喜歡,全靠一個醬,直接把便當弄 | 得很有異國味,大概這樣。 | 然後今天4/30,剛好買到即期品結帳76元,但是沒貼任何標籤,我不知道萊爾福富叫甚麼 | ,也不知道打幾折。 | -- | 喔喔,我也不知道多少付一百給他早,我改一下",
全家:鮮乳坊莊園鮮乳雞蛋布丁,全家,鮮乳坊莊園鮮乳雞蛋布丁,": | https://meee.com.tw/inxqJ5K.jpg | 口感上不是綿密的布丁,反而有點像豆花會一塊一塊的 | 底下的焦糖會微苦,綜合掉上面本來就不怎麼甜的布丁體本身的味道 | 但最致命的是整體他的杯體太淺,焦糖容易溢出來 | 本來是看上鮮乳坊的名號買的,但感覺奶味好像也沒特別濃郁 | 不是嘗鮮價的話好像不太需要買,除非是布丁控 | --",
全家:黑胡椒豬肉炒麵麵包,全家,黑胡椒豬肉炒麵麵包,: | 第一口吃下去 覺得好鹹 後面越吃越習慣 | 整體吃起來有在大埔吃豆芽菜的感覺 | 豆芽菜口感微波後還是蠻脆的 | 搭配口感軟爛的炒麵 跟麵包 | 豆芽菜存在感依然強烈 | 豬肉幾片 口感略硬 | 整體味道沒什麼層次變化 吃幾口開始感到無聊 | 不會考慮吃第二次的產品 | https://i.mopix.cc/PNykmm.jpg | https://i.mopix.cc/ZWvuKm.jpg | --,
全家:直立式發光招牌吊飾消費,全家,直立式發光招牌吊飾消費,: | 剛好箱購飲料拿到的 | 過688就有 | 全家真的出的小廢物真的越來越多 | https://i.mopix.cc/CvmGJM.jpg | --,
全家:場景積木鹼性離子水款,全家,場景積木鹼性離子水款,": | 一直都很喜歡這種小模型小積木,看到全家有出就立刻去買了,跑了第三家才有現貨 | (也可以用預購的但我等不及) | 說明書滿詳細的,不會很難上手,大約30分鐘能夠完成 | https://postimg.cc/9rMCXRF8 | 影片版 | https://youtube.com/shorts/OdsGlpjOrm0?si=TFASA86NCcFlGRey | --",
萊爾富:77乳加星球含餡巧克力,萊爾富,77乳加星球含餡巧克力,": | 萊爾富最近這個買一送一 | 大概是39元賣兩個,這個價格還可以 | 內餡有榛果牛奶 花生可可兩種 | 榛果牛奶 = 金莎 | 花生可可 = 新貴派 | 皮很像健達那樣,算是排列組合的產品",
全家:醬油生鮭脆卷,全家,醬油生鮭脆卷,":第一次買到這種形狀的海苔飯糰, | 看了說明還是不太懂想不弄髒手要怎麼拆,最 | 後還是手把飯糰放海苔上捲起來,還好沒破, | 生鮭魚好吃是好吃,不過就如我吃生魚片的感 | 想一樣,泡過醬醃過的魚肉我可以,但感覺是 | 吃醬料,口感本身軟爛,鮭魚個人還是偏好煎 | 的赤赤有梅納反應的香氣才對味,加上價格後 | 綜合評分如上,會選這款主要是覺得原本早餐 | 份量不夠選其他飯糰又太多,這款小份量剛好 | 能補足缺口,僅嘗鮮對生魚不排斥的挺推薦, | 但性價比還是稍嫌低了些。 | --",
全家:老酒花雕雞風味杯麵,全家,老酒花雕雞風味杯麵,": | https://i.mopix.cc/ZvRVCs.jpg | https://i.mopix.cc/3bj7mj.jpg | https://i.mopix.cc/zmOHMu.jpg | 小貴,說明寫酒最後加,確實有香,麵體q彈,有很多枸杞,大概是這樣。 | --",
全家:蜜桃山茶花金萱奶蓋雪糕,全家,蜜桃山茶花金萱奶蓋雪糕,": | 茶味不大明顯,蜜桃味很清爽 | 蠻好吃的,下面依舊是靈魂奶蓋 | https://i.mopix.cc/8enMpC.jpg | --",
全家:黃金起司蛋捲燒,全家,黃金起司蛋捲燒,": | 日式煎蛋捲口感,加上內餡起司有相當 | 充足的奶味,整體口感偏甜,微波後讓 | 起司融化比起冷冷直接吃更美味,份量 | 就墊肚子的點心,雖然想趁友善時光買 | 不過這款好像都沒看到打折就被買光了 | ?? | --",
全家:白熊冰淇淋青檸紅茶馬卡龍,全家,白熊冰淇淋青檸紅茶馬卡龍,": | 冰淇淋有價位,牛奶味濃,水果配起來不錯 | 馬卡龍檸檬外皮酥脆,紅茶口感不明顯 | 此商品文之圖文皆為發文者原創,實際個人拍攝 | https://i.imgur.com/yG0yQzY.jpeghttps://i.imgur.com/ub4u31O.jpeg | ----- | Sent from JPTT on my iPhone | --",
7-11:香烤魚排青醬燉飯,7-11,香烤魚排青醬燉飯,: | 圖多多版本: | https://bit.ly/4vQfidH | 影片版: | https://www.threads.com/@dressingfrad_/post/DXipiqnjfPY?hl=zh-tw | 好久沒有在對的時間 | 晚上八點以後才能遇到 | 特別研究了一下 | 這款版上好評推薦 | 香烤魚排青醬燉飯 | 先來張微波開箱照 | https://pimg.1px.tw/blog/dressingfrad/album/303510220/868366889359525165.jpg | 盤子搭配魚排是長形的 | 魚排本身確認成分表是巴利魚 | 青醬燉飯記得要攪拌均勻 | 青 | 的感覺 | 搭配一點點小小彩椒塊 燉飯分量真的滿多 | 巴利魚排 | 沒有裹粉的那種 | 口感吃起來就真的有 | 點像多利魚 | 肉 | 質沒有太柔軟 | 份量也還不錯 | 不虧是被推薦款 | -- | https://www.facebook.com/dressingfrad | --,
全家:魔王愛吃辣雞堡,全家,魔王愛吃辣雞堡,: | 剛看完瑪利歐電影 | 回程在全家看到庫巴包裝就想買來試試 | 麵包算鬆軟 | 雞肉比想像中厚一點 | 起司配辣醬還蠻搭的 | 辣度大概小辣 | 帶點椒麻香 | 但不會辣到壓過味道 | 算是會想再回購的漢堡 | https://i.mopix.cc/iIeSZK.jpg | https://i.mopix.cc/98lirz.jpg | --,
全家:紅心芭樂,全家,紅心芭樂,": | https://i.meee.com.tw/0D78kZj.jpg | 真的很少喝飲料喝到這麼生氣 | 喝起來有夠水的,我還困惑了一下難道我買的到底是是芭樂汁還是芭樂水。 | 如果有人沒喝過又很好奇的,推薦去買純喫茶的芭樂綠再自己加水 | 差不多就是那個味道了(可能還比較便宜) | 錢很難賺,要浪費也要浪費在美好的事物上 | 不推薦大家花錢討M | -- | 我也覺得",
7-11:私房功夫菜乾鍋雞便當,7-11,私房功夫菜乾鍋雞便當,":內容物有幾塊馬鈴薯、雞肉、粉絲、蛋跟毛豆 | 但主食的味道只能說一言難盡,有種辛香料還是印度咖哩的味道? | 總之不是很喜歡,而且吃起來很乾 | 大概只有粉絲是好吃的,不推薦不會回購 | https://i.urusai.cc/wiRL2.jpg | --",
全家:日式甜醬油山葵風味霜淇淋綜合,全家,日式甜醬油山葵風味霜淇淋綜合,": | 醬油就是醬油味,鹹鹹 | 山葵就是山葵味,一股直衝腦門的刺激 | 還原度100分,跟平祿壽司的醬包味道一模一樣 | 我覺得沾白飯跟生魚片可以取代真的醬油跟山葵 | 霜淇淋做成這樣很衝擊 | 不到難吃但不會想再吃第二次 | https://i.imgur.com/u0MQ5U7.jpeg | 結果今天4/10又犯賤再去買了山葵口味的,吃完覺得還可以 | https://i.imgur.com/7T9iqa8.jpeg | -- | 是喔! | 同意,醬油0分,超級怪 | 可以試試 | 我覺得不太甜 | 我犯賤吃了第二次 | 醬油超奇怪:( | 山葵不難吃,醬油超難吃,我給醬油0分 | 配鮭魚感覺不錯",
全家:香草卡士達生甜甜圈,全家,香草卡士達生甜甜圈,": | https://i.meee.com.tw/59khLXe.jpg | https://i.meee.com.tw/TXj9Lmx.jpg | 先說結論 | 嘴饞吃一下可以 但期待不用太高 | 不雷,但整體就很普通,沒什麼記憶點 | 分了朋友一口,他覺得難吃哈哈哈 | 說麵糰的味道太重,嚼久了會有種苦味 | 我自己是吃不太出來,有可能我比較味覺白癡XD? | 總之,不雷,但我也不會想回購 | 認真說香草泡芙可能還更得我心一些~ | -- | 還沒試過 之後有機會吃吃看 | 挖哩可惜我不是... || : | https://i.mopix.cc/IYY408.jpg | 拿鐵奶味很濃郁但喝起來偏清爽 | 不像有的奶味太厚重反而會喝得很膩 | 尾韻有個淡淡的甜味 | 算是比較爽口版的拿鐵 | 配甜點也很ok | https://i.mopix.cc/3YQLNG.jpg | 生甜甜圈蠻像是傳統甜甜圈的口感 | 只是更綿密鬆軟一些 | 裡面的卡士達醬很滿 | 吃起來蠻過癮的 也不會太膩 | 買時發現還有可可口味,下次再來試 | https://i.mopix.cc/aMqxhP.jpg | --",
OK:燻雞起司米披薩卷,OK,燻雞起司米披薩卷,: | 圖多多版本: | https://bit.ly/3ObolFi | 影片版: | https://www.threads.com/@dressingfrad_/post/DW74JniDSrC?hl=zh-tw | 自從發 | 食友善 | 時間比較早之後 | 這次又來看看有甚麼 | 挖寶可收 | 名字聽起來很特別的是 | 燻雞起司米披薩卷 | 內有紙盒方便抽出 | 比薩捲有一點沾黏 | 本以為會有米飯感 | 但本體吃起來像 | 是饅頭 | 一樣柔軟 | https://pimg.1px.tw/blog/dressingfrad/album/303510220/866542245274992669.jpg | 裡面有燻雞肉和切塊起司 | 雖然像是饅頭外皮 | 但 | 是比饅頭好 | 吃的路數 | 以口感來說也算足夠 | 還滿特別的選項 | -- | https://www.facebook.com/dressingfrad | --,
全家:布丁捲蛋糕,全家,布丁捲蛋糕,: | https://meee.com.tw/TxMEfoR.jpg | 很顧名思義的一個甜點 | 長相也是人如其名 | https://meee.com.tw/zQCIaeO.jpg | 味道上認真來說就是兩樣分開的東西 | 布丁的焦糖微苦 有點像煮過頭的那種 | 布丁本體偏硬實 但不是果凍感 | 蛋糕捲因為中間被塞了布丁就感覺濕濕的 | 感覺上就是同時間吃了兩種東西 | 沒有特別需要買它 | --,
全家:夏茉紅心芭樂,全家,夏茉紅心芭樂,": | 這好像是古娃娃第一次聯名飲品 | 芭樂味沒有特別強烈,甜度大概在微糖 | 味道就是大家可以想像到的芭樂綠 | 結論是不會回購,嚐鮮可以 | 但下次會想試試看另一款蜜桃口味的~ | https://meee.com.tw/Uqz6rPT.jpg | --",
全家:抹茶qq蛋糕捲,全家,抹茶QQ蛋糕捲,: | https://i.meee.com.tw/vIOhG0x.jpg | https://i.meee.com.tw/qhG0Qbt.jpg | 看網上很推 | 我去買的時候 前面女生拿了兩個XD | 比想像中的小 | 外皮很像麻糬那種Q度 | 內餡我很喜歡耶 | 尤其正中間那顆QQ | 但朋友說味道太淡了 | 我自己會想回購~ | 這次抹茶系列都很不錯耶 還是最喜歡千層 | -- | 應該是我朋友太重口味了哈哈,
7-11:純喫茶金萱青茶,7-11,純喫茶金萱青茶,": | 昨天看到的新品,原本無糖綠賣完了嚐鮮看看 | 茶味比原本無糖綠味道重,香氣有 | 喜歡茶味重的可以考慮 | 但個人沒有很愛金萱的香氣,還是會選原本的 | 然後重點是價格變35了,是不是預告其他款也.... | QQ | -- | 我覺得幾乎沒有耶 | 對蠻接近手搖的,喜歡金萱的可以試試",
7-11:檸檬繽球西西里,7-11,檸檬繽球西西里,": | 今天新出的飲料 | 要先去冰箱拿繽球杯子再去櫃檯加熱美式,沒有扣環保杯折5元 | 裝好量大概7分滿,個人體感滿甜的不太酸,沒什麼咖啡感 | 以這樣的份量跟價格,覺得還是喝小七的西西里就好了...不會特別想去買 | https://i.imgur.com/TSn3aZk.jpeg | https://i.imgur.com/PpSruc8.jpeg | (喝了才想到要發XD | (圖文內容 請務必圖文獨立 不可單獨貼網址或單獨文字內容) | --",
萊爾富:巧克力花生三明治,萊爾富,巧克力花生三明治,: | 圖多多版本: | https://bit.ly/48Sq2yk | 影片版: | https://www.threads.com/@dressingfrad_/post/DXQTgk3jR9W?hl=zh-tw | 聽說萊爾富自從換老闆 | 後變得非常精進 | 立刻來去收一下有友善食光 | 依樣是五點開跑 | 這次入手的是 | 巧克力花生三明治 | https://pimg.1px.tw/blog/dressingfrad/album/303510220/853213377474610510.jpg | 裡面是兩個夾心土司三明治 | 巧克力和花生醬 | 巧克力帶點苦甜 | 花生醬則 | 是濃郁帶點鹹度 | 有嘗試兩種一起吃 | 還是分開吃比較能各自感受好吃度 | -- | https://www.facebook.com/dressingfrad | --,
全家:霜淇淋起司咖啡應該是之前用剩的表示是用手寫呈現,全家,霜淇淋起司咖啡應該是之前用剩的表示是用手寫呈現,":吃起來沒有特別好吃,咖啡味比較重,沒什麼起司味,但是這次拿到的一開始就 | 在滴水+覺得尺寸偏小大扣分(單店問題),這種還拿給客戶覺得不是很優,當下不想在店家 | 吵,已經到顧客留言版反應。 | https://i.verb.tw/idSY0F5X.jpg | https://lurl.cc/Y2d1z | --",
7-11:鹽蔥生鮭飯糰,7-11,鹽蔥生鮭飯糰,: | 前幾天才剛吃小七的 | 昨天就看到全家也出類似 | 有2個69折 | 先說結論 | 喜歡鹽蔥味買全家 | 喜歡芥末味買小七 | https://meee.com.tw/2aKI2CR.jpg | 全家鮭魚比較原味然後鹽蔥提味 | 小七本身比較鹹比較像是煙燻鮭魚還什麼的 | 另外柚檸海灣貝飯糰個人蠻喜歡的 | 柚香和檸檬的味道吃得出來 | 很清爽有加分 | 裡面的料也是一整顆的 | 當早餐吃很剛好不會暈碳XDD很舒服 | https://meee.com.tw/QTCdfwT.jpg | https://meee.com.tw/F4TlDF4.jpg | --,
7-11:柚檸海灣貝飯糰,7-11,柚檸海灣貝飯糰,: | 前幾天才剛吃小七的 | 昨天就看到全家也出類似 | 有2個69折 | 先說結論 | 喜歡鹽蔥味買全家 | 喜歡芥末味買小七 | https://meee.com.tw/2aKI2CR.jpg | 全家鮭魚比較原味然後鹽蔥提味 | 小七本身比較鹹比較像是煙燻鮭魚還什麼的 | 另外柚檸海灣貝飯糰個人蠻喜歡的 | 柚香和檸檬的味道吃得出來 | 很清爽有加分 | 裡面的料也是一整顆的 | 當早餐吃很剛好不會暈碳XDD很舒服 | https://meee.com.tw/QTCdfwT.jpg | https://meee.com.tw/F4TlDF4.jpg | --,
萊爾富:恐龍巧克力歐蕾,萊爾富,恐龍巧克力歐蕾,: | https://i.meee.com.tw/7SQbReA.jpg | 買冰塊杯送巧克力風味水 | 味道超淡 | 別說恐龍了 連歐蕾都喝不出來 | 有20元的話請去買兩罐麥香奶茶 | 容量甜度都完勝這鬼東西 | 除了增加店員工作量外 不知道存在意義為何 | 但是今天的話可以推薦朋友喝 | -- | 各具風情的台南咖啡店 | https://i.meee.com.tw/TNngYLv.jpg | https://i.meee.com.tw/qlgVtQR.jpg | https://i.meee.com.tw/zcGoKp6.jpg | https://i.meee.com.tw/5nNJw9e.jpg | --,
7-11:火腿起司蛋凱薩堡,7-11,火腿起司蛋凱薩堡,": | https://meee.com.tw/akCHIs2.jpg | 被限定販售吸引了~ | 但吃起來麵包皮蠻Q彈的,不會太乾 | 口感不是在吃漢堡的感覺,比較偏向是在吃偏軟的佛卡夏 | 很喜歡裡面的起司跟火腿微波後融合再一起的感覺 | 奶香味蠻重的!還算喜歡! | 缺點是 | 會一直掉芝麻 | 外層的芝麻因為太密集在吃的時候會一直掉,也會稍微影響口感 | 但芝麻味相較內餡的奶香味又沒什麼味道 | 加上我本身不是芝麻控所以不太懂芝麻這邊的意義... | 反而對我來說微扣分 | --",
7-11:iselect嚴選素材經典拿鐵咖啡,7-11,iseLect嚴選素材經典拿鐵咖啡,: | 這系列就是拿鐵跟莫卡 以前兩款都會喝 但比較常買拿鐵 每天一罐 | 新包裝 | https://i.meee.com.tw/OhTPWWX.jpg | 去年到今年初的時候這兩款長期在特價 | 基本就是 2件40、第2件6折、4件75折輪流 沒特價的時間非常短 | 現在看來可能是在銷舊包裝?? | 新包裝 漲了5元 然後容量減量(原本400ml→375ml) | 味道也不太一樣了 大概是有改配方 個人是覺得變不好喝 有種香料味(?) | 原本漲5元覺得還好 畢竟這款維持25元非常久 | 漲價又減量 不陌生的手法 T.T | 然後配方又改 味道不一樣真的只能說再見了 sad~ | -- | 應該是網址問題 改成i開頭試試看,
7-11:星級饗宴柱侯牛腱飯,7-11,星級饗宴柱侯牛腱飯,: | 就是以前賣8X元的紅燒牛肉飯 | 改名漲價重新出發==? | 我這邊的711都沒看到比較便宜的版本了 | 雖然比較貴 | 但是這個版本我覺得比較好吃 | 白蘿蔔跟紅蘿蔔好吃 | 肉就差不多== | http://i.imgur.com/IsecLfD.jpg | http://i.imgur.com/MNcM6X2.jpg | http://i.imgur.com/GjIXuzT.jpg | -- | 可是我是覺得完全沒感覺到辣...連吃到辣椒也無感,
全家:厚豆腐蛋白蕈菇豬肉堡,全家,厚豆腐蛋白蕈菇豬肉堡,":去年健檢骨密度有點低 | 現在開始蠻常喝牛奶的 | 剛好看到這個就喝看看搭配蕈菇豬肉堡 | 我自己是蠻常吃另一款豬肉起司蛋堡 | 但這款的蛋口感比較軟 有種饅頭夾煎蛋的感覺 挺喜歡的 | 豬肉口感像午餐肉 但沒有那種臭味 | 牛奶是巧克力口味 | 我是有喝乳清的人 | 實話說比乳清好喝多了 | 就是巧克力牛奶 不過可能因為有加糖吧 | 搭配起來熱量不高啦 440大卡 | 有35克的蛋白 | 運動完不想攝取太多熱量又需要蛋白的話應該是不錯選擇 不過我是有顧及口腹之欲 不想 | 一直喝乳清 | -- || : | https://meee.com.tw/zwajJPo.jpg | 整體來說就是健康版麥當勞蕈菇豬肉滿福堡 | 但是蛋的厚度因為參雜豆腐所以口感沒有麥當勞好 | 雖然是知道不能跟速食比 | 但肉的口感吃起來跟素食組合肉一樣,假假的 | https://meee.com.tw/AEeI5Qf.jpg | 光是他那個肉加上微波的時候水蒸氣會讓整顆漢堡變得溼答答的 | 就不是很推薦大家買,除非想減肥... | --",
7-11:unknown,7-11,unknown,": | https://l.urusai.cc/rpSYH.jpg | 濃厚口味 還寫期間限定 | 看了就忍不住想買 | 用聞的 味道以我個人而言 | 我沒有感冒沒有鼻塞 | 很喜歡吃臭豆腐 | 味道而言只算普普,很淡,不會嗆鼻也不會臭 | 吃進去口中更沒什麼臭豆腐感覺 | 樂事的洋芋片都可以做到各種口味都很有味道 | 可樂果它們怎麼沒辦法.... | 他們最好吃的都還是原味 | 其他口味我大多都不覺得有啥特別 | 更別說這還寫期間限定 | 還讓我期待一下,其實蠻失望的 | -- | 我們的世界很大很大 | 他們的世界只有我們 | --",
全家:開心果霜淇淋,全家,開心果霜淇淋,": | (圖文內容 請務必圖文獨立 不可單獨貼網址或單獨文字內容) | https://i.mopix.cc/VQ3J01.jpg | 本身是開心果控,很期待全家4月的開心果口味,想說趁特價買5支,結果一吃就後悔了, | 完全沒有開心果味欸!反而比較像加水的抹茶?! | 10分是給吃完打嗝的時候有開心果味來證明自己買的真的是開心果口味 | 4月另一個蘭姆葡萄口味也是之前沒吃到、很期待的,現在很怕受傷害... | (太生氣必須上來發文) | -- | 好市多的是好吃的堅果霜淇淋xD | 澳洲吃到的也很好吃,有的還有開心果碎粒!",
全家:藍莓乳酪貝果,全家,藍莓乳酪貝果,: | https://meee.com.tw/CwkWsSC | 貝果本體很軟Q 藍莓跟乳酪味都蠻濃的 | 我覺得餡料比上次吃特濃花生可可還多 幾乎每口都有吃到餡 | 微波加熱過更軟Q 整體蠻喜歡的會再回購 很適合當早餐 | --,
7-11:芬達汽水葡萄一件,7-11,芬達汽水葡萄一件,": | https://i.urusai.cc/f4UoB.jpg | 印象中好像已經超過10年沒有在台灣看到過芬達葡萄汽水了 | 有一陣子到處找,發現怎麼芬達就只剩橘子口味了 | 非常懷念這個味道 | 昨天莫名進7-11逛了逛,莫名看到它就出現在飲料冰櫃裡 | 說實話就是色素+香料+汽水 | 但是回憶加成,無價 | -- || : | 在台灣市場消失超過十年 | 許多人心心念念的幻之商品重現江湖 | 雖然不再是熟悉的瓶子 | https://i.imgur.com/wI3s7Dh.jpeg | 那個色澤、那個氣泡 | https://i.imgur.com/Z9DnkN6.jpeg | 滿滿的甜膩,這才是真正的葡萄汽水 | 氣泡飲終究只是加味氣泡水 | 對於碳酸飲料愛好者而言 | 高果糖糖漿帶來的甜膩感 | 終究不是代糖能夠取代的 QQ | https://i.imgur.com/Kx8ztDF.jpeg | -- | https://i.imgur.com/9xka960.jpeg | http://i.imgur.com/SeEC2jX.jpg | 阿噗老大貓貓 <3 | --",
全家:牛奶珈琲,全家,牛奶珈琲,: | 先說味道結論 牛奶珈琲 = 咖啡O場 | 黑糖牛奶咖啡 = 比較甜的咖啡O場 喝不出什麼黑糖味 | 一看成分表糖分別是15克跟18.5克 | 起因是去買晚餐在冷藏櫃看到是新品且被它包裝吸引而買 | 再給一次機會我會選擇用一樣的錢去買咖啡O場 | 當然每個人口味不同  以上為個人意見僅供參考 | --,
全家:黑糖牛奶珈琲,全家,黑糖牛奶珈琲,: | 先說味道結論 牛奶珈琲 = 咖啡O場 | 黑糖牛奶咖啡 = 比較甜的咖啡O場 喝不出什麼黑糖味 | 一看成分表糖分別是15克跟18.5克 | 起因是去買晚餐在冷藏櫃看到是新品且被它包裝吸引而買 | 再給一次機會我會選擇用一樣的錢去買咖啡O場 | 當然每個人口味不同  以上為個人意見僅供參考 | --,
7-11:微醉隨身搖曳杯組,7-11,微醉隨身搖曳杯組,": | 周六在社團看到人分享,覺得很可愛,所以下午就去某家7-11找,我已經 | 熟到他活動品和酒類套裝組放哪,所以一下子就買到了。 | https://i.meee.com.tw/uiUqjgv.jpg | 聽說是隱藏款 | 後來因為實品實在太可愛了,所以後來晚上我又去另一家買了一組 | https://i.meee.com.tw/s4CZOwT.jpg | 又好像是另外一款隱藏款 | 周日3/29日,早上起床去買吃的,忍不住又去另一家,結果又是藍色隱藏款。 | 下午實在忍不下去,又去另外一家買了一組! | https://i.meee.com.tw/ITFc19N.jpg | 最想要的紫葡萄到手! 我甘願了! | 那兩天就有很多人說買不到,不過我們這邊倒是還好,可能因為很多店都是 | 以為整組都是酒,就放在冰箱裡,我四組有三組是在冰箱找到的。 | 還有一家的店員說她早上不知道有,還跟客人說沒有,結果被我在冰箱挖出來。 | 不過今天如果再去應該都被掃光了吧? | 脆上臉書上大瘋狂,尤其脆上一大堆詐騙,實在有點恐怖。 | 杯子很可愛,至於酒嘛~~普普通通,跟果汁差不多畢竟濃度低,也沒有比果汁好喝。 | 真的是為了贈品買的。 | 對了,很多地方都說4/1日才開賣,說很多7-11偷跑。不過我覺得又沒有甚麼宣傳 | 消息,東西進貨,條碼刷得出來,店員當然就賣阿!4/1日也一樣309沒比較便宜。 | 我想到4/1日應該就很難買的到了。 | -- | ──┐┌──┐──┐┌──┌──┐┌──┐──┐┌──┌──┐┌──┐──┐ | ┌┐││┌┐│┌┐││┌┐│┌┐││┌┐│┌┐││┌┐│┌┐││┌┐│┌┐│ | └─┘└─┘┘└─┘└─┘└└─┘└─┘┘└─┘└─┘└└─┘└─┘┘└─┘ | ▇▅▅▅▅▅▅▅▅▅▅▅▅▅▅▅▅▅▅▅▅▅▅▅▅▅▅▅▅▅▅▅▅▅▅▅▅▇ | ο | μ +ε | ∪ | οαηηα | 鷛ψ | ˍ▃▃▃▃▃▃▃▃▃▃▃▃▃▃▃▃▃▃▃▃▃▃▃▃▃▃▃▃▃▃▃▃▃▃▃▃ˍ | --",
OK:廣達香肉鬆飯糰一起結帳不確定,OK,廣達香肉鬆飯糰一起結帳不確定,: | 圖多多版本: | https://bit.ly/3PxLCld | 影片版: | https://www.threads.com/@dressingfrad_/post/DWhua7PDTEc?hl=zh-tw | ok便利商店 | 也是 | 的一家 | 是也沒想到 | 原來肉鬆飯糰 | 也可以跟廣達香聯名 | 呼叫一 | 下廣達~ | ~~誤 | 特別剖開來看看內裡廣達真面目 | 廣達香肉鬆感覺是 | 很傳統的 | 帶一點 | 結塊的肉感 | 但結帳不小心就說出加熱 | 肉鬆飯糰帶一點甜味 | 米飯來說感覺還有進步空間 | 下次再吃吃看冷藏版的 | https://pimg.1px.tw/blog/dressingfrad/album/303510220/866542259938280668.jpg | -- | https://www.facebook.com/dressingfrad | --,
7-11:這不是菠蘿麵包,7-11,這不是菠蘿麵包,: | 跟扁可頌一樣的概念吧 | 吃起來就是奶油餅乾 | 有糖粒感 還蠻涮嘴的 | https://i.mopix.cc/32LPez.jpg | 但還蠻有創意的XD | --,
全家:塔塔醬蝦排飯糰,全家,塔塔醬蝦排飯糰,: | 圖多多版本: | https://bit.ly/4sIr2xb | 影片版: | https://www.threads.com/@dressingfrad_/post/DWiYqGkjTqg?hl=zh-tw | 全家大口飯糰 | 使用大虎山雞蛋外皮的 | 塔塔醬蝦排飯糰 | 包裝看起來也很可愛 | https://pimg.1px.tw/blog/dressingfrad/album/303510220/868366702473921394.jpg | 雞排比起來 | 確實有比較小的感覺 | 但是 | 肉質還滿彈 | 牙 | 塔塔醬也 | 是濃郁 | 的那種 | 算是很適合下飯 | 當飯糰內餡的組合 | -- | https://www.facebook.com/dressingfrad | --,
7-11:翻轉肉鬆飯糰,7-11,翻轉肉鬆飯糰,": | 早上看到翻轉飯糰就買一個嚐鮮 | 一同購買一個正常版肉鬆飯糰 | 翻轉飯糰的米飯算紮實沒有散開的問題,但肉鬆量偏少,整體肉鬆+飯搭配的味道比正常版 | 略淡一些 | 內餡照片自行參考 | https://i.verb.tw/PNCQjQd6.jpg | -- | 御選肉鬆飯糰/28元 | 翻轉肉鬆飯糰/36元 | 忘記寫價格,已補上 | 說實話,這個價格很不值得買就是了...",
7-11:統一布丁焦糖出走咘布,7-11,統一布丁焦糖出走咘布,: | https://i.meee.com.tw/ZVyT33m.jpg | 其實就是原版拿掉焦糖部分其餘味道都一樣 | 這應該比較適合飲料店做原料用 | 但...拿掉焦糖部分價格也從$12>$18...有點意外 | --,
7-11:地中海風味雞肉麵沙拉,7-11,地中海風味雞肉麵沙拉,": | 午餐外食想吃點沙拉但又覺得沒有主食,今天看到這個應該是新商品 | 跟21世紀聯名的麵沙拉,吃完覺得蠻剛好的 | 而且有那個烘烤燕麥口感很不錯,不過就是雞肉偏少,可能蛋白質要再自己買 | https://i.imgur.com/a/DOcDEWR.jpg | https://i.imgur.com/EyaGANj.jpg | --",
全家:橘貓款冰棒襪套冰,全家,橘貓款冰棒襪套冰,: | 知道是小廢物我還是加購了一個 | 不可能又讓我想到那個風水世家那個包頭誒XDXD | https://i.imgur.com/rMH3RcU.jpeg | https://i.imgur.com/wN2Usf5.jpeg | ----- | Sent from JPTT on my iPhone | --,
7-11:龜記蘋果紅萱,7-11,龜記蘋果紅萱,": | https://i.meee.com.tw/buI1YG9.jpg | https://i.meee.com.tw/vUTBwBx.jpg | 有陣子很喜歡喝龜記 | 記得是還可以選茶底的珍珠奶茶時候! | 鐵觀音珍奶是我的愛 | 茶王也是~~~ | 倒是蘋果紅萱沒有喝過~看到櫃上有好奇就拿了 | 覺得還不錯 | 但沒什麼茶味~~~ | 朋友直接說是蘋果汁哈哈哈 | 看網路上有人說喝了晚上會睡不著 | 我是沒有這問題 | 反正就嘗鮮了! | (圖文內容 請務必圖文獨立 不可單獨貼網址或單獨文字內容) | 與板工打勾勾約定: | 此商品文之圖文皆為發文者原創,實際個人拍攝 | 若圖片內容為轉載,將附上出處。 | 針對商品之評論與評價皆建立於個人之實際體驗。 | _______以上閱讀完畢Ctrl+K刪除以示確實閱讀約定事項\OuO | 未刪除視同未閱讀,板工保留不告知刪文之權利 | -- | 這是我的前三名",
7-11:這不是抹茶鬆餅,7-11,這不是抹茶鬆餅,": | https://i.imgur.com/AMH1J14.jpeg | 早上去711買早餐剛好看到,馬上買了一個騙朋友吃。 | 可能我自己知道是芥末口味,我是先聞再吃,覺得聞起來芥末味比較重,吃起來反而還好。 | 朋友則是沒防備直接吃了,說吃起來芥末味很重,再聞反而覺得還好。 | 騙3個朋友吃,大家都是半份,一個吃了覺得可以接受就吃完了,一個覺得有鬼所以沒吃, | 一個吃了以後大崩潰。我自己是有吃完,覺得還好,但如果是兩片都自己吃大概無法。 | --",
全家:芭c檸檬綠,全家,芭C檸檬綠,": | 可以喝到很細緻的芭樂渣感, 有點稠度 | 芭樂味蠻重的, 邊喝會透出檸檬的酸味 | 尾韻能喝到一點茶感 | 甜度大約半糖, 酸甜酸甜還蠻清爽的 | 裡面還有不少晶球, 可以邊喝邊咬很加分 | 愛水果茶的可以買來嘗鮮 | https://i.imgur.com/WAV6VLk.jpeg | https://i.imgur.com/1HtPdC4.jpeg | https://i.imgur.com/ezxjIlx.jpeg | ----- | Sent from JPTT on my iPhone | --",
全家:蟹味可樂餅風炸飯糰,全家,蟹味可樂餅風炸飯糰,:包裝圖片長得豐滿許多 | 風味尚可 不會過鹹 沒有明顯蟹味 有醬 餡料如圖 | 外皮一點點點乾 外皮炸的部分不會軟軟的 但也沒有吃炸物的爽快感 | 吃起來就是一個鹹鹹有奶香味的熱飯糰 | https://i.mopix.cc/xTfR1l.jpg | https://i.mopix.cc/ooTkZJ.jpg | https://i.mopix.cc/CaHcqq.jpg | --,
全家:卡樂比海鹽洋芋片,全家,卡樂比海鹽洋芋片,": | 昨天午休在全家閒晃~ | 順便看那些商品可用點數換購, | 買了兩包零食來補充體重? | http://i.imgur.com/DhiBNEV.jpg | http://i.imgur.com/SgjBlP5.jpg | 洋芋片是單純的海鹽口味, | 怪奇口味吃多了,偶爾回歸樸實也不錯 | 另一個洋芋圈我覺得很好吃!! | 口感比較脆硬,有點像韓國小雞麵的鹹香感~ | 可以一次整包吃完,蠻涮嘴的~ | http://i.imgur.com/31VHJPa.jpg | 兩包比較起來的話,個人喜歡洋芋圈! | 推薦點數夠的版友可以換購 | 補充一下 可以用兌點地圖找比較快, | 我發現不是每家都有賣 | http://i.imgur.com/MwORTEl.jpg | ----- | Sent from JPTT on my Xiaomi 2410FPCC5G. | -- | 兩個都不錯~可以換",
全家:東鳩超薄洋芋圈,全家,東鳩超薄洋芋圈,": | 昨天午休在全家閒晃~ | 順便看那些商品可用點數換購, | 買了兩包零食來補充體重? | http://i.imgur.com/DhiBNEV.jpg | http://i.imgur.com/SgjBlP5.jpg | 洋芋片是單純的海鹽口味, | 怪奇口味吃多了,偶爾回歸樸實也不錯 | 另一個洋芋圈我覺得很好吃!! | 口感比較脆硬,有點像韓國小雞麵的鹹香感~ | 可以一次整包吃完,蠻涮嘴的~ | http://i.imgur.com/31VHJPa.jpg | 兩包比較起來的話,個人喜歡洋芋圈! | 推薦點數夠的版友可以換購 | 補充一下 可以用兌點地圖找比較快, | 我發現不是每家都有賣 | http://i.imgur.com/MwORTEl.jpg | ----- | Sent from JPTT on my Xiaomi 2410FPCC5G. | -- | 兩個都不錯~可以換",
7-11:麻辣奶油鮮蝦義大利麵,7-11,麻辣奶油鮮蝦義大利麵,":先說不是為了小卡買的 | 老實說這款調味其實還不錯 | 雖然沒什麼辣度,吃起來有點偏鹹甜 | 奶油最怕吃到最後會很膩,但這款吃完意外不會 | 其中還有再加不少蒜頭,吃的很夠味 | 整體來說不錯吃,很可惜真的超貴,口袋不夠深 | 不然這款我願意回購個幾次QQ | https://l.urusai.cc/c8S6w.jpg | https://l.urusai.cc/mxTCb.jpg | -- || :711的麻辣都會帶有的一股怪異的椒麻味,不辣,吃起來體感非常鹹...吃完喝了好多水,才讓口腔不舒服的感覺緩解,三隻蝦子七顆蛤蜊,蝦子好吃。 | 是為了商品附的子瑜卡買的,不然打死不買,吃這個不如吃青醬蛤蜊義大利== | http://i.imgur.com/bUuBnWo.jpg | http://i.imgur.com/FuicLnV.jpg | http://i.imgur.com/B3ibO1g.jpg | http://i.imgur.com/JzLT171.jpg | -- | 上次吃那個啥半筋半肉納3300多== | 還真的..真跟我印象的不大一樣",
全家:鮮蝦旬彩炊飯飯糰,全家,鮮蝦旬彩炊飯飯糰,": | https://i.imgur.com/a/waQCVxA.jpg | https://i.imgur.com/bqOE6dX.jpg | 今天去全家買早餐發現新的圓飯糰 | 結果蠻好吃的耶,炊飯有牛蒡和昆布的味道 | 我覺得味道沒有很重,整體是鹹甜口,清爽的類型 | 不到40元有蝦子我覺得很棒,早餐吃這個蠻好的,不會暈碳哈哈 | 推薦大家可以嘗試看看 | --",
全家:綿柔鮮奶土司,全家,綿柔鮮奶土司,: | 兩入裝最常買這款 | https://i.mopix.cc/ZR0IG3.jpg | 有淡淡奶香 | 口感很細緻很綿密 單吃也不乾 | 之前就很常買這款 | 覺得升級後土司的口感更濕潤 | 重點是沒漲價XD | 兩片裝剛好一次吃光不剩 | https://i.mopix.cc/ZpGcYa.jpg | https://i.mopix.cc/gIBMlK.jpg | 中間壓洞抹奶油加顆蛋烤個七八分鐘 | 認真超好吃誒!! | --,
7-11:光泉生乳米漿,7-11,光泉生乳米漿,": | https://l.urusai.cc/QYAYv.jpeg | https://l.urusai.cc/G9poi.jpeg | https://l.urusai.cc/YqwWW.jpeg | 喝起來還是米漿,感受比純米漿淡 | 奶味存在背景,讓米漿變得柔和滑順 | 甜度大概微糖到半糖之間 | 口味還不錯,不過糖有25g,克服懶癌去運動的時候再回購 | --",
7-11:海鮮青醬焗飯,7-11,海鮮青醬焗飯,": | https://meee.com.tw/bO1yEMa.jpg | 這款青醬味沒有很重,內容物有蛤蜊肉、三四隻蝦、鯰魚排 | 還有外+起司,但不知為什麼吃起來有點稀 | 真要比的話反而更喜歡另一款魚排的 | 這款應該算是他的平替款 | --",
全家:焙韻隱山烏龍,全家,焙韻隱山烏龍,": | https://i.mopix.cc/bZEv3a.jpg | 這款烤飯糰好像出蠻久了 | 第一次買來嘗鮮 | 飯糰外殼有焦感,帶有點黏性 | 吃起來是日式醬油的甜味 | 蠻好吃的,當個小點心還不錯 | 比較麻煩的是裡面有塑膠盒,不能直接微波 | 要另外放盤子加熱 | https://i.mopix.cc/4A9mRe.jpg | https://i.mopix.cc/rKxyeD.jpg | 順便買了杯新出的烏龍 | 一直都還蠻喜歡全家的膠囊茶 | https://i.mopix.cc/WHd7nT.jpg | 茶味蠻爽口的,不是濃厚感的烏龍 | 尾韻有個淡淡的花草香氣 | 喝起來是偏清爽的茶味,很順口~冰的好好喝 | --",
全家:正男醬香烤飯糰,全家,正男醬香烤飯糰,": | https://i.mopix.cc/bZEv3a.jpg | 這款烤飯糰好像出蠻久了 | 第一次買來嘗鮮 | 飯糰外殼有焦感,帶有點黏性 | 吃起來是日式醬油的甜味 | 蠻好吃的,當個小點心還不錯 | 比較麻煩的是裡面有塑膠盒,不能直接微波 | 要另外放盤子加熱 | https://i.mopix.cc/4A9mRe.jpg | https://i.mopix.cc/rKxyeD.jpg | 順便買了杯新出的烏龍 | 一直都還蠻喜歡全家的膠囊茶 | https://i.mopix.cc/WHd7nT.jpg | 茶味蠻爽口的,不是濃厚感的烏龍 | 尾韻有個淡淡的花草香氣 | 喝起來是偏清爽的茶味,很順口~冰的好好喝 | --",
全家:青檸紅茶馬卡龍,全家,青檸紅茶馬卡龍,: | https://i.mopix.cc/3SHnSX.jpg | https://i.mopix.cc/leWM0h.jpg | 外皮的中心部分好硬黏 | 內餡部分單吃不是很ok | 吃到最後是膩的會想吃鹹食... | --,
7-11:百吉孔雀餅乾雪糕,7-11,百吉孔雀餅乾雪糕,: | https://i.mopix.cc/O2YrBv.jpg | 沒有孔雀餅乾的感覺 | 奶味頗濃 甜度中等 | 一點餅乾碎屑的香氣 | 就是餅乾泡爛的口感 | 沒有特別記憶點 | 連結性不大 | 口味一般 偏貴 嚐鮮即可 | --,
全家:抹茶蒙布朗布丁,全家,抹茶蒙布朗布丁,": | https://meee.com.tw/YIurJiG.jpg | https://meee.com.tw/jVtzfEl.jpg | 最上層的似蒙布朗的部分是由抹茶餡做成 | 點綴少許的紅豆 | 布丁體本身也有抹茶粉的味道 | 因為比較少吃過抹茶口味的布丁,所以感到比較新奇 | 整體搭配起來非常諧和 | 純抹茶控可能會覺得太甜 | 螞蟻人或是喜歡抹茶與紅豆搭配的話會覺得很好吃 | 最近抹茶甜點第二件 6 折,所以價格可視為打八折 52 元 | (特價活動好像是到 3/17) | 以後若友善時光有的話,會考慮回購~ | --",
全家:抹茶白玉酷繽沙,全家,抹茶白玉酷繽沙,": | 除了最經典的OREO | 最愛的酷繽沙口味應該就是抹茶了 | 加牛奶很清爽 | 有甜,抹茶有微微苦味 | 整體的茶感還蠻濃的 | 白玉也滿Q的 | https://i.imgur.com/34XTnyC.jpeg | https://i.imgur.com/PTnD89N.jpeg | 整杯喝完不會覺得膩 | 邊喝邊喇能喝到那種細細的碎冰感很讚 | ----- | Sent from JPTT on my iPhone | --",
全家:抹茶千層蛋糕,全家,抹茶千層蛋糕,": | https://i.meee.com.tw/AzIuCi7.jpg | https://i.meee.com.tw/foQjroO.jpg | 吃得出抹茶味,但整體偏苦,適合喜歡吃苦(?)的人 | 千層本身就正常發揮,不雷但也沒什麼特色 | 覺得這款最大的賣點應該是熱量,只有166大卡 | 現在一排掃過去幾乎都破200,甚至有的還上看300的! | 蠻適合減肥的人嘴饞的時候吃 | P.S:但不能經常吃喔,問GPT說熱量雖然低,但營養組成還是不太ok XD | -- | 哈哈好像也是 我想太多了~ | 應該是哦",
7-11:油雞,7-11,油雞,": | https://l.urusai.cc/191DK.jpg | 油雞臘味 | https://l.urusai.cc/c0OlO.jpg | 獅子頭 | 臘肉其實很普,又乾又小塊 | 超小塊 香腸大一點點 | 油雞這個雖然菜量不多 | 但是醬汁融入飯裡面是好吃的 | 一個人吃的話其實意外的份量還蠻剛好的 | 打折的話還不錯 | 沒打折就soso | 獅子頭則是指推薦打折時買 | 小七最近的量都被那個裝燴飯之類的塑膠盒所壓縮了的感覺 | 兩顆獅子頭是很大顆的 | 其他就是玉米勾芡加上一點點紅蘿蔔切絲 | 有打折的話還可以啦... | -- | 我們的世界很大很大 | 他們的世界只有我們 | --",
7-11:獅子頭,7-11,獅子頭,": | https://l.urusai.cc/191DK.jpg | 油雞臘味 | https://l.urusai.cc/c0OlO.jpg | 獅子頭 | 臘肉其實很普,又乾又小塊 | 超小塊 香腸大一點點 | 油雞這個雖然菜量不多 | 但是醬汁融入飯裡面是好吃的 | 一個人吃的話其實意外的份量還蠻剛好的 | 打折的話還不錯 | 沒打折就soso | 獅子頭則是指推薦打折時買 | 小七最近的量都被那個裝燴飯之類的塑膠盒所壓縮了的感覺 | 兩顆獅子頭是很大顆的 | 其他就是玉米勾芡加上一點點紅蘿蔔切絲 | 有打折的話還可以啦... | -- | 我們的世界很大很大 | 他們的世界只有我們 | --",
全家:抹茶生巧起斯塔,全家,抹茶生巧起斯塔,": | https://i.meee.com.tw/aOgZDEU.jpg | https://i.meee.com.tw/aOgZDEU.jpg | 覺得大顆! | 以這價格來說划算 | 口感的部分,不知道是不是我買回來是先冰冰箱,沒有馬上吃 | 塔皮的部分吃起來是軟的,有點失望 | 但內餡好吃,外層深色內層淺色 | 沒有覺得甜 | 可以一次吃完不會膩 | 可以回購,但不建議冰冰箱XD | -- | 是嗎那我下次來放冷凍試試 | 不會太硬ㄇ",
全家:巧克力雙餡q皮雪燒,全家,巧克力雙餡Q皮雪燒,": | https://i.mopix.cc/hul6yd.jpg | https://i.mopix.cc/LPRcaG.jpg | 銅鑼燒外皮,帶Q吃起來不會粉粉的 | 微甜,吃起來有蛋香味 | 也有點像極鬆餅那種口感 | https://i.mopix.cc/ieb7OW.jpg | 內餡是巧克力奶霜和奶蓋 | 奶蓋很滑順,是略帶鹹味的起司 | 配著巧克力剛好不會太甜 | 搭咖啡半價30不到很可以 | 拿去冷凍再吃感覺會更讚! | -- || : | https://meee.com.tw/2EbBJUS.jpg | https://meee.com.tw/i0xTVJV.jpg | 剛好看到全家進貨就買來吃吃看 | 原本看包裝以為Q皮會是有麻糬的意思 | 結果單純只是形容它的銅鑼燒皮 | 但是也沒有期待中的Q彈就是邊外面買的到的銅鑼燒 | https://meee.com.tw/QsMo5SX.jpg | 打開就有付一支湯匙 | 算是蠻貼心的 因為內餡給的算充足 | 用手吃一定會超狼狽 | https://meee.com.tw/WY06v7y.jpg | 內餡部分就是下面打底一層苦甜巧克力餡 | 中間有一層像奶蓋的鮮奶油鹹鹹甜甜的 | 總結來說  吃完不會太膩,奶蓋的鹹會中和整體的甜膩 | 但下次應該不會再花55元買新品嘗鮮 | 感覺這次有點被包裝照片跟名字騙了 | --",
OK:光泉優質蛋白牛奶一起結帳忘記了,OK,光泉優質蛋白牛奶一起結帳忘記了,: | 圖多多版本: | https://bit.ly/4stUHdd | 影片版: | https://www.threads.com/@dressingfrad_/post/DWDqYkAjawx?hl=zh-tw | 這次也是路過ok便利商店 | 四點一到就可以去尋寶了 | 了之後才發現網路上說他... | 光泉營養牛乳 | 光泉優質蛋白牛奶 巧克力 | 口味 | https://pimg.1px.tw/blog/dressingfrad/album/303510220/866605461942323242.jpg | 帶著一點害怕的心情來喝喝看 | 巧克力味道頗濃 | 而且還會沉澱記得要搖一搖 | 蛋白質奶 | 特有的那種舊舊的味道 | 有比較 | 被巧克力壓下去 | 看在蛋白質滿 | 滿的份上是可以接受的 | -- | https://www.facebook.com/dressingfrad | --,
全家:ce霜淇淋伊藤園抹茶焦糖蘇打,全家,ce霜淇淋伊藤園抹茶焦糖蘇打,": | 伊藤園抹茶x 焦糖蘇打霜淇淋 | 這兩種口味加在一起超級不搭 | 抹茶微苦 味道沒去年的甜 | 焦糖蘇打吃起來酸甜 像可樂或沙士糖味道 | 應該是去年的滑爆可樂改名 但味道差不多 | -- || : | 這次的伊藤園抹茶調得不錯,單吃順口不死甜,尾韻還能感受到明顯的抹茶「旨味」(鮮味 | ),屬於大人會喜歡的。 | 而焦糖蘇打單吃也不差,同樣順口不死甜,有一種酸酸甜甜的滋味,是夏天吃會有清爽感那 | 種,屬於小孩會喜歡的。 | 但兩者綜合吃的話,就沒有那麼驚艷了。是不到難吃,但兩者搭起來入口沒有層次感,味道 | 都被焦糖蘇打搶過去。 | 所以綜合嚐鮮過後,會以單吃伊藤園抹茶為主,吃膩了再偶爾單吃一下焦糖蘇打XD | https://i.imgur.com/xIU2Wkx.jpeg | https://i.imgur.com/vFo67ff.jpeg | https://i.imgur.com/9fzMSzs.jpeg | -- | 那店員是天使!一般哪會特別提醒XD | 台北的全家南海店。也是個人吃霜淇淋時,唯一指定店家XD | 對!喜歡抹茶那抹苦味的人,一定會很驚艷,吃的出那苦味XD | 哇!b大這家有特殊餅乾!不曉得吃起來同樣有抹茶味嗎XD | 如果有的話,我也要來找一下! | 讚!感謝b大回覆!那我來找這款餅乾,配上那抹茶霜淇淋的絕佳口感,光想就不自覺要流 | 口水XD | 讚!非常完美的圈數XD | 哈,要符合現代大部分人的口味,一定的甜味絕對是必要的XD | 但這次還有保留抹茶該有的原味,除了滿足抹茶愛好者的味覺,也能讓大部分人都接受,真 | 的是算調得不錯XD | 許願+1! | 哈,看了兩位大大的推文,所以去爬了一下先前的分享文,好像真的是這樣XD | 口感描述就跟自己吃到的一模一樣,酸酸的像沙士糖,清爽不甜膩XD | 對呀,全台7家體驗店之一,應該是台北目前唯一一家2機台4口味的,所以都會特別過去看 | 看XD | 可以的話,找有圓滾滾造型雙口味的店家。圓滾滾的擠出來,普遍都會比一般來得大支XD | 耶!後來也找到特殊硬筒餅乾,吃完有讓整體的體驗加分XD | https://i.imgur.com/OkKtlrP.jpeg",
7-11:御飯糰高雄櫻花祭生鮭魚夾心飯糰,7-11,御飯糰高雄櫻花祭生鮭魚夾心飯糰,: | https://images.plurk.com/5pa0IfBz5xXB5DmMrM7IGn.jpg | 成分表 吃完了才想要PO文所以沒照片 | 今天早餐在甜麵包(之前試試看維也納牛奶軟法+熱狗 吃起來很怪哈哈)跟這個之間抉擇 | 結果一吃完就馬上來當個版PO文 | 這個飯糰真的好鹹啊......而且看成分表裡說有山葵 可是我現在怎麼回味都沒有 | 就只記得這個好鹹 還是這是個別情況? | 給60是因為我喜歡鮭魚 只吃肉也沒有太鹹 | 鈉含量也彷彿好像沒有太高啊 到底為什麼那麼鹹~~ | --,
7-11:半熟玉子辣擔擔義大利麵,7-11,半熟玉子辣擔擔義大利麵,": | 看到thread上有人推就買了,實在是不怎麼樣,吃完了還是不知道自己在吃什麼,但倒也不 | 至於到吃不下去就是了,好險是乞丐時光買的,thread的文真的看看就好,踩很多雷了 | https://i.imgur.com/yDMRbcy.jpeg | --",
7-11:原萃鍋煮風味麥茶,7-11,原萃鍋煮風味麥茶,": | 先放台日兩款的合照 | https://i.imgur.com/nkb23Mk.jpg | 日本這罐是在donki忠孝新生店買的 | 一開始先在7-11看到新款麥茶在架上 | 覺得很熟悉很像日本可口可樂出的那款麥茶 | 拿起來看確實是可口可樂出的不過是台灣製的 | 日本的是在爽健美茶的系列下,叫做「やかんの麦茶」 | 而台灣的在原萃的系列下,叫做「鍋煮風味麥茶」 | 於是2/25那天立刻買來打算比較比較 | 可是碰巧腸胃炎只好先放著 | 昨天才開來喝,口味上兩者其實差不多,分別不大 | 其實日版的去逛donki有看到的話都會帶一罐 | 現在7-11有真是太棒了 | https://i.imgur.com/23qm6z6.png | https://i.imgur.com/FMH0XGV.png | -- | 其實日文「やかん」就是茶壺的意思 | 他的意思就是「用茶壺煮的」麥茶 | 但是這種大量販售的商品當然不可能用茶壺煮 | https://m.media-amazon.com/images/I/51bvIJuH-XL._AC_UF894,1000_QL80_.jpg || : | https://i.imgur.com/p3VpS3c.jpeg | 應該新上市不到一個禮拜吧 | 看包裝以為是麥萃改版 真的有夠像 | 風味基本上我覺得跟麥萃差不多 都很順口 | 但原萃的我喝起來覺得口感比較""水"" | 麥萃比較濃稠一點點 | 然後品名那個""鍋煮"" | 反正不知道啥工法 | 聞起來香氣蠻特別的 | 喝下去到最後會有微微的苦味(或是穀物的烘焙味? | 但這苦味也是順口的 | --",
全家:伊藤園抹茶霜淇淋,全家,伊藤園抹茶霜淇淋,: | https://meee.com.tw/tacEo7v | 這次蠻好吃的比去年濃 | 尾韻有微微苦韻 甜度不太高大概微糖 | 不敢嘗試焦糖蘇打 好荒謬的組合 | --,
7-11:韓式辣醬鮪魚夾心土司,7-11,韓式辣醬鮪魚夾心土司,": | 顧名思義,就是辣版的鮪魚,而且是會開胃的版本, | 本來就喜歡吃鮪魚款的, | 不過萊爾富與7-11賣的款式應該是各自獨立的, | 所以這款辣鮪魚也是萊爾富自己的口味, | 比起一般鮪魚,吃的過程有輕微的辣度下持續在舌尖與嘴唇刺激, | 辣中帶點麻的感覺,很好吃, | 早餐沒胃口可以考慮這款來刺激食慾! | https://i.imgur.com/wrjdFVf.jpeg | https://i.imgur.com/VgwzxmF.jpeg | --",
全家:抹茶霜淇淋,全家,抹茶霜淇淋,": | 特價兩支55,沒理由不買兩支 | https://i.mopix.cc/NYhGMO.jpg | 很香,是略帶微苦的茶味 | 吃起來苦甜苦甜的,抹茶味也蠻濃的,好吃誒 | https://i.mopix.cc/lYurjP.jpg | 一起買的千層也好讚 | 夠抹~不會太甜 | 中間夾層奶油也好滑順,有點苦味吃不膩 | 愛抹茶類甜點的大推 | https://i.mopix.cc/BEnPYt.jpg | https://i.mopix.cc/ix7Bn3.jpg | -- || : | https://l.urusai.cc/uIATn.jpeg | 抹茶味很淡,抹茶人不推薦 | 甜度感覺比去年低一點,去年至少還有甜 | 今年的很空虛 | 含在嘴裡用鼻子呼氣,有一點茶香,算是僅存的優點 | 如果喜歡的抹茶是有一點味道又不太甜的,可以大量購買 | 抹茶人還是多花一點去買合胃口的 | --",
全家:抹茶千層,全家,抹茶千層,": | 特價兩支55,沒理由不買兩支 | https://i.mopix.cc/NYhGMO.jpg | 很香,是略帶微苦的茶味 | 吃起來苦甜苦甜的,抹茶味也蠻濃的,好吃誒 | https://i.mopix.cc/lYurjP.jpg | 一起買的千層也好讚 | 夠抹~不會太甜 | 中間夾層奶油也好滑順,有點苦味吃不膩 | 愛抹茶類甜點的大推 | https://i.mopix.cc/BEnPYt.jpg | https://i.mopix.cc/ix7Bn3.jpg | --",
7-11:西雅圖蜜香咖啡紅茶四季春拿鐵,7-11,西雅圖蜜香咖啡紅茶四季春拿鐵,": | https://bashify.io/i/z4nIAc | 這次看到小7西雅圖有買一送一,然後又有新的口味,於是還是手癢的各買一盒 | 想說新口味會不會讓我驚喜,結果各喝一包後,剩下的打算都送給朋友品嘗看看 | 不能只有我喝到,口味都還是偏甜。 | 咖啡紅茶就真的有咖啡+紅茶的味道,但這樣感覺就是有點怪怪的,四季春拿鐵 | 喝起來和之前的抹茶拿鐵有87%像,剩下來的13%感覺比抹茶難喝一些,感想是 | 淺嚐即可。 | --",
7-11:蝦仁鹽味炒飯飯糰,7-11,蝦仁鹽味炒飯飯糰,": | https://i.imgur.com/a/DcuTi6L.jpg | https://i.imgur.com/qOyYrxK.jpg | 前兩天在711看到新的圓飯糰而且還和高雄櫻花季聯名就買來試試看 | 結果出乎意料覺得蠻好吃的耶,味道很夠但又不會太鹹 | 蝦仁也沒有腥味,吃完一個覺得蠻剛好的不會很有負擔 | 看板上還沒有人推薦,如果有喜歡炒飯的人可以去試試看 | --",
7-11:極饗蕃茄蛋湯麵,7-11,極饗蕃茄蛋湯麵,": | 平常其實比較少吃湯麵習慣,但太晚進食的時候,只敢鎖定500大卡以下的乞丐時光,習 | 慣性沒吃過就爬文看看心得,結果沒有心得只能勇於嘗試了。 | 麵條是有彈性的,可能因為湯跟麵有分開,所以不會軟爛,算是便利商店中好吃的麵條。 | 蛋吸收蕃茄的湯汁超級juicy,這個超加分,葉子沒幾片就不多說畢竟不是主角,湯頭算 | 是很濃郁,配麵很剛好,但麵吃完不建議直接喝湯會太鹹。 | 是沒有I珍食時段也願意購買的品項。 | https://i.mopix.cc/RRFYbV.jpg | --",
全家:排球少年給我五分鐘茶包式咖啡,全家,排球少年給我五分鐘茶包式咖啡,": | 後知後覺才知道現在排球少年和五分鐘咖啡聯名的新產品XD | https://i.imgur.com/DxngJk0.jpg | 昨天下班手刀入了二盒! | +59元還可以加購撲克牌 | https://i.imgur.com/WUIrAfJ.jpg | 每盒裡面都有一個跟包裝配套的杯墊! | https://i.imgur.com/Mu0rSVa.jpg | 還有一個壓克力磚盲盒 | 共有24款壓克力磚可以抽 | https://i.imgur.com/aDESGJE.jpg | 嗚嗚嗚抽不到黑尾QQ | 還有一張集點卡 好像可以換週邊 | https://i.imgur.com/4sSFELM.jpg | 壓克力磚的質感超級好...超厚一塊! | 本來還以為只是薄薄一片,沒想到真的就是磚 XDD | 上面是我還沒撕膜,撕掉之後非常透亮 | 199送這個真的不會太福利嗎(??? | https://i.imgur.com/FlCmLO2.jpg | 我一定要說... | 撲克牌圖片超棒的救命啊啊啊啊!!! | 59塊的撲克牌沒道理這麼可愛吧啊啊啊啊 | 這波聯名我要給一百分 | https://i.imgur.com/JaKMV5s.jpg | 來講講咖啡 | 茶包式的包裝蠻方便的 | 先喝了烏野的口味 | 意外喝起來還蠻驚艷 | 以聯名咖啡來說我覺得水準算不錯 | 官方標榜風味是麥芽糖 苦甜巧克力 杏仁果 | 實際喝起來堅果味比較明顯 | 麥芽糖感沒有想像中突出 | 尾韻倒是有黑巧克力那種微苦回甘的感覺 | 整體口感溫潤蠻順口的! | https://i.imgur.com/lxFaCtD.jpg | 題外 | 我買了全家抹茶季的那個抹茶塔來搭配 | 跟咖啡適配度100% | -- | 收集用啦!我才不捨得XDD | 我也沒抽到最想要的嗚嗚嗚 | 沒錯 | 我也覺得咖啡真的算不錯!整體很順 | 後來我去官網看集點可以選想要的壓克力磚,好像有降低點難度XDD",
全家:雞肉便當,全家,雞肉便當,": | https://i.meee.com.tw/aGPjxXa.jpg | https://i.meee.com.tw/k3oA7Wv.jpg | https://i.meee.com.tw/x7SErtJ.jpg | 吃很多次了 | 很訝異上架這麼久竟然沒一篇心得文 | 雞肉很嫩、份量也不少 | 底下的醬汁很夠飯吃起來完全不乾 | 還有半顆蛋和油豆腐、高麗菜,少許油蔥 | 熱量489大卡、蛋白質也有24g、脂肪12g | 現在健身完不想吃健康餐盒的選擇 | 配個雞胸就很棒了 | -- | 我是不覺得啦,還是要自己吃比較準",
全家:惡魔乳酪生義大利麵,全家,惡魔乳酪生義大利麵,: | 圖多多版本: | https://bit.ly/40vaKLE | 影片版: | https://www.threads.com/@dressingfrad_/post/DV2ZXT-EiE1?hl=zh-tw | 之前的之前有吃過乳酪義大利麵 | 這次出了新版的 | 聽說評價不一 | 當然要趁優惠券時來試 | 試水溫 | 惡魔乳酪生義大利麵 | 還有 | 插圖搭配乳酪背景 | 攪拌前先來一張 | 可以看到黑 | 色生義大利麵 | 綠綠青醬和白色乳酪 | 視覺效果明確 | 先說義大利麵部分 | 單吃吃起來 | 很像麵疙瘩的口感 | 沒有調味的那種 | 所以這時候一定要記得 | 要把青醬和乳酪全部一起拌均勻 | 要是那種容器溝底 | 通通都喇過一次的均勻感 | 這樣 | 才能讓 | 所有醬汁一起 | 發揮作用 | 吃起來立刻大加分 | 這可能也是之前看 | 評價 | 原因 | 當然還有堅果脆增加口感 | -- | https://www.facebook.com/dressingfrad | --,
全家:北海道哈密瓜霜淇淋,全家,北海道哈密瓜霜淇淋,": | https://i.meee.com.tw/IRwvDPb.jpg | 難得不是雪酪感的水果口味 這點給推 | 聞起來吃起來都很哈密瓜 | 雖然不是多天然的味道 至少不是可怕的香精味 | 算好吃 不過本人對哈密瓜沒到特別喜歡 分數就不給太高了 | 整體來說應該滿大眾的 推薦嘗試 | -- || : | 這款的哈味我很喜歡誒 | 就是哈密瓜果肉的甜味 | 濃濃的瓜味~好好吃 | https://i.mopix.cc/48RF3X.jpg | 結帳時店員說現在第二支5元,我還說不用 | 吃完好後悔沒多買一支!! | --",
全家:贅沢巧克力霜淇淋,全家,贅沢巧克力霜淇淋,": | https://i.imgur.com/vtVwCEU.jpeg | 終於吃到綜合口味的 | 這次的哈密瓜真的很讚 | 完全就是真實水果的瓜味 | 點綜合巧克力的微苦味剛好可以平衡甜度 | 很像在吃什麼果香巧克力的味道 | 意外很搭誒~不錯吃 | https://i.imgur.com/C0jz4MV.jpeg | https://i.imgur.com/CW8wZcX.jpeg | https://i.imgur.com/TIrGJ4p.jpeg | 蛋糕體蠻像是蛋黃派+古早味蛋糕綜合版 | 吃起來軟綿不乾 | 內餡是奶霜和卡士達混合, | 餡量爆多,有點冰冰的吃完全不膩 | 感覺先丟冷凍庫冰一點更好吃 | ----- | Sent from JPTT on my iPhone | -- | 是啊 | 超愛 | 好厲害 | 補充上去了 || : | https://i.imgur.com/ssGOWHJ.jpeg | /巧克力霜淇淋/ | 巧克力味很濃厚,苦味也蠻明顯的 | 喜歡這種甜中帶苦的巧克力 | 特別不膩~很好吃誒 | 幸運這家還有金鏟,馬上加購一把! | https://i.imgur.com/8oiWzIW.jpeg | /可可生甜甜圈/ | 麵包外層有灑可可粉,口感偏紮實但不乾 | 巧克力餡很濃郁,有點微苦 | 內餡給得也夠多~我覺得好吃誒 | 建議可以放常溫一下再吃,內餡會比較有炸出來的口感 | https://i.imgur.com/dYKeCuR.jpeg | https://i.imgur.com/uXZpbeo.jpeg | ----- | Sent from JPTT on my iPhone | -- || : | https://i.imgur.com/ssGOWHJ.jpeg | /巧克力霜淇淋/ | 巧克力味很濃厚,苦味也蠻明顯的 | 喜歡這種甜中帶苦的巧克力 | 特別不膩~很好吃誒 | 幸運這家還有金鏟,馬上加購一把! | https://i.imgur.com/8oiWzIW.jpeg | /可可生甜甜圈/ | 麵包外層有灑可可粉,口感偏紮實但不乾 | 巧克力餡很濃郁,有點微苦 | 內餡給得也夠多~我覺得好吃誒 | 建議可以放常溫一下再吃,內餡會比較有炸出來的口感 | https://i.imgur.com/dYKeCuR.jpeg | https://i.imgur.com/uXZpbeo.jpeg | ----- | Sent from JPTT on my iPhone | -- || : | https://i.meee.com.tw/casABCs.jpg | 滑順濃郁 非常巧克力 甜度適中不會膩 | 口感、味道、顏色各方面都無可挑剔 | 巧克力霜淇淋就該是這樣子 | 沒什麼好寫的 就兩個字 完美 | 如果覺得全家霜淇淋越做越爛 那你肯定要吃 | 因為今年高機率不會有更棒的口味 | 如果覺得全家霜淇淋還是很不錯 那還是要吃 | 因為就很好吃 | 缺點是太好吃 | 二月別說買一送一 會員優惠+10元多一件應該也不會有了 | -- || : | 苦甜味的巧克力跟哈密瓜的果香好搭 | 本來還擔心巧克力的味道會壓過哈密瓜 | 幸好哈密瓜夠爭氣夠濃郁 | 配一起反而很爽口誒,還不錯吃 | https://i.imgur.com/Lcio0xo.jpeg | ----- | Sent from JPTT on my iPhone | -- | 好吃 || : | 身為全家比利時巧克力信眾,來看看這次的新品有沒有贏過比利時口味 | https://meee.com.tw/AceSty2.jpg | https://meee.com.tw/ABIpyHz.jpg | 巧克力味沒有比利時濃,但贅澤整體而言還是好吃的 | 我個人比較喜歡濃一點的巧克力,所以還是偏愛比利時巧克力XD | --",
全家:冰心卡士達雙餡蛋糕,全家,冰心卡士達雙餡蛋糕,": | https://i.imgur.com/vtVwCEU.jpeg | 終於吃到綜合口味的 | 這次的哈密瓜真的很讚 | 完全就是真實水果的瓜味 | 點綜合巧克力的微苦味剛好可以平衡甜度 | 很像在吃什麼果香巧克力的味道 | 意外很搭誒~不錯吃 | https://i.imgur.com/C0jz4MV.jpeg | https://i.imgur.com/CW8wZcX.jpeg | https://i.imgur.com/TIrGJ4p.jpeg | 蛋糕體蠻像是蛋黃派+古早味蛋糕綜合版 | 吃起來軟綿不乾 | 內餡是奶霜和卡士達混合, | 餡量爆多,有點冰冰的吃完全不膩 | 感覺先丟冷凍庫冰一點更好吃 | ----- | Sent from JPTT on my iPhone | -- | 是啊 | 超愛 | 好厲害 | 補充上去了",
全家:可可生甜甜圈,全家,可可生甜甜圈,: | 圖多多版本: | https://bit.ly/40z45jg | 影片版: | https://www.threads.com/@dressingfrad_/post/DVSeS4xjcrn?hl=zh-tw | 沒錯現在每家麵包店都在生甜甜圈 | 全家便利商店當然也要上車 | 可可生甜甜圈 | 入手中 | https://pimg.1px.tw/blog/dressingfrad/album/303510220/853213435460863567.jpg | 自帶紙盒保護 | 外層沒有想像中的那麼可可粉 | 也很這樣不髒手 | 甜甜圈 | 軟很有延伸性的口感 | https://pimg.1px.tw/blog/dressingfrad/album/303510220/853213439768413644.jpg | 內餡爆漿則是巧克力風味濃厚 | 帶點苦甜感個人很喜歡 | 聽說 | 可加熱那就 | 另外一顆丟烤箱 | 這樣外皮脆內裡更噴發 | -- | https://www.facebook.com/dressingfrad | --,
7-11:叉燒豚骨拉麵,7-11,叉燒豚骨拉麵,": | 整個打開來長這樣 | https://meee.com.tw/wQYwZiK | 超商拉麵有很多雷點,比如說: | 太鹹、微波後溏心蛋變全熟、價格實在太高等等, | 但這完全不是我在意的點,後者可能有一些會增加我購買的阻力, | 最主要還是在於以前在7-11吃過一款湯頭甜到吞不下去的拉麵, | 對我來說我就是希望超商的湯類食品可以很鹹, | 喝完酒後來上一碗很爽。 | 當然後續7-11跟全家開始定價139後我也沒有再購入任何拉麵過了。 | 然後這款至少少了兩個雷點, | 一是微波後真的還是溏心蛋, | 二是價格109友善後76$, | 坦白說現在吃一碗80元的湯麵, | 料通常也不會多到哪裡去。 | 所以這款份量來說真的算是高於及格線很多了。 | 至於我最在意的湯頭就是很鹹很有豚骨味, | 不太能想像出不接受的人群, | 恐怕只有那種愛用一堆莫名潛規則約制店家跟其他客戶的拉麵恐怖份子, | 會吹毛求疵不夠正宗不夠道地之類的。 | 喔對了,我也沒想跟這類型恐怖份子溝通。 | 之前看過一篇文章所說萊爾富近期推的「任何」熟食, | 無論是口味或份量都比另外兩家明顯的好,看起來真的。 | (昨天吃了友善的排骨飯, | 排骨真的可以跟便當的比大小厚度都不落下風, | 七折後價格也能接受, | 然後他媽的麻婆豆腐有夠好吃, | 其他配菜跟主菜口味就是普通, | 贏在分量) | -- | Sent from nPTT on my iPhone 13 mini | -- | 英叔:如果我沒猜錯,裡面的棺材一定不會是普通的擺法! | 大帥:來人,開門! | 英叔:放得好,全部吊起來,連柱子都用盤水來隔開!請問大帥這是哪個風水大師布的局? | 大帥:哈哈!就是聞名全省港鼎鼎大名的洪金寶大師啦! | --",
全家:巧克力千層蛋糕,全家,巧克力千層蛋糕,: | 圖多多版本: | https://bit.ly/4sw3RFP | 影片版: | https://www.threads.com/@dressingfrad_/post/DVfRQRtDblH?hl=zh-tw | 全家便利商店 | 冬天甜點就是要巧克力 | 請出 | 巧克力千層蛋糕 買 | 一送一 | https://pimg.1px.tw/blog/dressingfrad/album/303510220/854983585549797446.jpg | 塑膠殼塑膠膜 | 旁邊還有叉子都準備好了 | 千層蛋糕灑滿巧克力粉真誘人 | 一刀切下去非常柔軟 | https://pimg.1px.tw/blog/dressingfrad/album/303510220/854983596220107908.jpg | 實在是太柔軟 | 巧克力和餅皮超融合 | 簡單就可一口吃光 | 巧克力風味算是很明顯 | 冷凍吃就是更上一層樓 | -- | https://www.facebook.com/dressingfrad | --,
7-11:得正烘培烏龍奶,7-11,得正烘培烏龍奶,": | https://i.meee.com.tw/6ojZ4FP.jpg | https://i.meee.com.tw/ECHGFRY.jpg | 喝起來不錯,甜度調得算OK | 滿順口的,也喝得到茶香 | 之前喝過幾次得正,覺得喝不太懂 | 不是很喜歡就沒再喝了 | 喝完這款之後覺得...之前會不喜歡難道是因為我都點無糖嗎XD | 但好像有聽人說過如果無糖不好喝,就表示茶葉的品質比較差,不建議喝? | 有點離題了,總之,這款還算不錯 | 可以喝看看 | -- | 是喔這沒注意過了 | 感覺還是有點差 | 超商飲料含糖量真的都好高 | 單純個人喜好吧 | 謝謝 哈哈",
7-11:伯朗黑糖奶茶,7-11,伯朗黑糖奶茶,": | 前幾天臨近換檔時發現了這款新品,但當時還沒有活動,所以等到活動開始才購買。 | 伯朗黑糖奶茶 目前 7-ELEVEN 第 2 件 10 元,所以購買 2 瓶是 $45 元, | 喜歡奶茶、黑糖、想嚐鮮的人可以試看看。 | (插卡資訊:高雄櫻花季|活動期間:3/4 ~ 3/31|第 2 件 10 元) | 無添加奶精,使用台灣黑糖,加分。 | --",
全家:滷財運大吉腿油飯,全家,滷財運大吉腿油飯,: | 油飯偏濕 | 薄薄一層大概盒子一半厚度 | 雞腿有蒜味 不乾不柴還可以 | 原價129太貴了 如果友善時光可以接受 | http://i.imgur.com/x9o9nyk.jpg | http://i.imgur.com/BXZDRvV.jpg | http://i.imgur.com/cZhIuAI.jpg | ----- | Sent from JPTT on my Samsung SM-S9110. | --,
7-11:星級饗宴半筋半肉麻辣牛肉麵,7-11,星級饗宴半筋半肉麻辣牛肉麵,": | 跟所有牛肉麵系列一樣,很鹹!! | 要不是有65折是絕對不會買的 | 跟一般的差不多 | 就是多了椒麻辣 | 跟麥當勞辣味雞腿差不多辣度吧 | 但是這個寬麵麵條好吃很多 | 分數大多給寬麵了 | 好渴 | 這個湯最好別喝完 | 多喝點水 | 抱歉我吃外才想到要拍封面 | 平板好像有美顏照片偏白== | http://i.imgur.com/1aArqzK.jpg | http://i.imgur.com/ENooSKY.jpg | -- | 前行者deep80,三百多人民幣吧 印象中 | 哈哈哈真的,超商辣=死鹹 我不懂",
7-11:提拉米蘇酷聖石霜淇淋,7-11,提拉米蘇酷聖石霜淇淋,: | https://i.meee.com.tw/Cjrtv1F.jpg | 淡淡的提拉米蘇味 沒了 | 別說栗子 連基底的霜淇淋奶味都吃不出來 | 水水的 真的有點不知道在吃什麼 | 然後還有個卡在喉嚨的膩感 | 除夕到初三第二支半價 也沒特別便宜 | 完全不推 | 吃過幾次酷聖石霜淇淋 | 感想都是口味很豪華 實際卻不怎麼樣 | 普通的7-11霜淇淋好吃很多 | --,
全家:貓貓尾巴捲蛋糕,全家,貓貓尾巴捲蛋糕,": | https://i.meee.com.tw/lzvewzL.jpg | https://i.meee.com.tw/I3DFBkD.jpg | https://i.meee.com.tw/kVWkyB9.jpg | 為了貓之日抽獎活動而買~乍看之下品種應該是虎斑貓? | 只有最外層是巧克力,中間是海綿蛋糕體 | 每層都有奶油,口感不會太甜,但也不會有驚喜感 | 跟之前的棋盤蛋糕好像... | 然後~咖啡杯是超人力霸王~恩 很可愛 | --",
全家:黃金雙層鱈魚招財堡,全家,黃金雙層鱈魚招財堡,": | 農曆年的早餐~買招財堡除了要登記抽獎趣的黃金或是永豐金證券禮品卡 | https://i.mopix.cc/h39MM3.jpg | 也希望吃完可以補一下今天買刮刮樂的手氣 | https://i.mopix.cc/u8jT0i.jpg | https://i.mopix.cc/QgPdSQ.jpg | 漢堡外層金金的,看起來還不賴! | 鱈魚排、起司跟塔塔醬的組合吃起來頗搭 | https://i.mopix.cc/6A2di5.jpg | 除了價格偏貴之外,整體來說,算好吃的! | --",
全家:rody摺疊置物箱,全家,Rody摺疊置物箱,: | https://i.meee.com.tw/2qpIyFL.jpg | 全家春節福袋、禮盒開始打69折了 | 從買早餐變成買福袋XD | 我原本就有用摺疊箱收納的習慣 | 原價時先入手帕恰狗摺疊箱 | 這次特價有看到Rody款直接收 | https://i.meee.com.tw/mEhJzoH.jpg | 滿200元加送LuLu豬杯墊 | https://i.meee.com.tw/mqmubEL.jpg | 如果有想找的商品可以用地圖趣查會比較方便 | https://i.meee.com.tw/H1xK7Cl.jpg | -- | 手推車跟行李箱 我有猶豫了一下~想說會不會再降一點...但又怕沒了,
7-11:乖乖馬上轉運箱,7-11,乖乖馬上轉運箱,": | 本人原本就滿愛奶油椰子口味的乖乖 | 所以看到轉運箱上面有大顆的奶油椰子很想吃看看 | 剛好又看到春聯袋,就想說乾脆一起買一買好了 | https://i.mopix.cc/lct2nE.jpg | 大顆乖乖打開來看應該和正常尺寸的乖乖差了約3倍大 | 吃起來滿爽的! | https://i.mopix.cc/QMp3hT.jpg | 箱子裡還有一顆扭蛋,裡面是迴力車 | 小小一台滿可愛的 | 總共有4個款式 | https://i.mopix.cc/yIq2nc.jpg | 春聯袋是一般的奶油椰子兩包 | 裡面有一包磁鐵春聯拼圖,意外的實用XD | https://i.mopix.cc/A5A1PZ.jpg | 喜歡乖乖的可以去找看看 | --",
7-11:馬上貼春聯袋,7-11,馬上貼春聯袋,": | 本人原本就滿愛奶油椰子口味的乖乖 | 所以看到轉運箱上面有大顆的奶油椰子很想吃看看 | 剛好又看到春聯袋,就想說乾脆一起買一買好了 | https://i.mopix.cc/lct2nE.jpg | 大顆乖乖打開來看應該和正常尺寸的乖乖差了約3倍大 | 吃起來滿爽的! | https://i.mopix.cc/QMp3hT.jpg | 箱子裡還有一顆扭蛋,裡面是迴力車 | 小小一台滿可愛的 | 總共有4個款式 | https://i.mopix.cc/yIq2nc.jpg | 春聯袋是一般的奶油椰子兩包 | 裡面有一包磁鐵春聯拼圖,意外的實用XD | https://i.mopix.cc/A5A1PZ.jpg | 喜歡乖乖的可以去找看看 | --",
全家:果漾草莓麵包,全家,果漾草莓麵包,: | 圖多多版本: | https://bit.ly/46ixQbI | 影片版: | https://www.threads.com/@dressingfrad_/post/DVGDi9EEnfI?hl=zh-tw | 全家便利商店 | 常溫麵包基本款 | 草莓果醬麵包 | 買一送一 | https://pimg.1px.tw/blog/dressingfrad/album/303510220/866541343449302559.jpg | 這種 | 中間露出果 | 醬的版本 | 真的是記憶中的標準模式 | 還有另一種就是卡士達麵包囉 | https://pimg.1px.tw/blog/dressingfrad/album/303510220/866541358263584682.jpg | 立刻剖半看看 | 果醬還真的滿多的 | 雖然是很傳統的基本款 | 但是意外的滿足度頗高 | -- | https://www.facebook.com/dressingfrad | --,
7-11:青醬雞絲熱壓土司,7-11,青醬雞絲熱壓土司,": | 濃濃的青醬味~雞絲也給的算有誠意,會想回購 | 711吃的熱壓吐司都還沒踩雷過 | 可惜價錢不太可愛,不然每天都想吃XD | 目前心中口味的第一名是厚起司蛋 | 青醬已位居第二 | --",
7-11:新台味麻油雞個人鍋,7-11,新台味麻油雞個人鍋,: | 打開後的內包裝 | https://i.mopix.cc/yZlpQf.jpg | https://i.mopix.cc/4sEZcn.jpg | 剪開內包裝倒入碗內 | https://i.mopix.cc/vhMEnz.jpg | 這湯量超少 | https://i.mopix.cc/BqCOm6.jpg | https://i.mopix.cc/hgwFEH.jpg | https://i.mopix.cc/JzOc5U.jpg | 7-11 新台味-麻油雞個人鍋 | 記得要拆開內外包裝後再微波 | 內容物有兩塊雞肉 兩塊米血 一顆紅棗 一片薑 | 雞肉吃起來不柴 米血太爛 紅棗無籽沒味道 | 湯頭濃郁好喝但湯的量太少 | 遇到65折可買來試試 | --,
7-11:香鑽水果茶,7-11,香鑽水果茶,:之前買過一次我記得杯底有很多塊狀的果肉 | 但這次再買變成沒有料了 | 就是醬拌茶而已 是什麼時候改的嗎? | 還是我被我家的 7-11 坑了 Q_Q | --,
7-11:ameliesbagel起司乳酪火腿貝果,7-11,AmeliesBagel起司乳酪火腿貝果,: | 2025年4月底就推出的商品 | 但我現在才吃到 | 因為是區域限定 | 不是每家7-11都買得到 | 我是前幾天在市政府轉運站的7-11買的 | (經過那邊被牆上超大的貝果廣告燒到) | 貝果的麵包體口感不變 | 貝果的味道以松露醬為主軸 | 搭配一些大小在2mm三次方的火腿丁(偏裝飾、視覺效果的點綴) | 整體是吃了會有幸福感、開心的食物 | 39元有點小貴...覺得35元還算合理價格 | 但對比7-11同價位 的其他飯糰、三明治、捲餅、麵包... | 我覺得都不夠跟這個貝果抗衡 | 搭配套餐飲料優惠價55元 | --,
7-11:法式白醬洋芋,7-11,法式白醬洋芋,: | https://i.imgur.com/snbR0P9.jpeg | https://i.imgur.com/sEu42Z4.jpeg | 馬鈴薯 通心粉 培根碎 | 醬蠻濃 | 蠻好吃 | 但是一個吃到後面有點膩 | 我比較喜歡半顆糖心蛋冰的那個 | --,
7-11:韓式醬燉蛋,7-11,韓式醬燉蛋,: | https://i.imgur.com/aNHrB9j.jpeg | https://i.imgur.com/pKcgybg.jpeg | 就糖心蛋 | 一顆30普通普通吧 | 沒有飯 不知道醬拌飯有沒有料 | 突然想吃可以買的感覺 | 然後這個有機會漏汁 | 買回家袋子都是汁姆咪 | 小心 | https://i.imgur.com/t7YREqG.jpeg | --,
7-11:韓式辣醬起司洋芋燒,7-11,韓式辣醬起司洋芋燒,: | https://i.imgur.com/OFlw8Gr.jpeg | https://i.imgur.com/nw8biz3.jpeg | 這個好好吃捏 | 內容跟想像中差好多 | 微微辣 | 拿來拌飯感覺應該很讚 | --,
全家:阿里山極選綜合拿鐵,全家,阿里山極選綜合拿鐵,": | https://i.mopix.cc/IYY408.jpg | 拿鐵奶味很濃郁但喝起來偏清爽 | 不像有的奶味太厚重反而會喝得很膩 | 尾韻有個淡淡的甜味 | 算是比較爽口版的拿鐵 | 配甜點也很ok | https://i.mopix.cc/3YQLNG.jpg | 生甜甜圈蠻像是傳統甜甜圈的口感 | 只是更綿密鬆軟一些 | 裡面的卡士達醬很滿 | 吃起來蠻過癮的 也不會太膩 | 買時發現還有可可口味,下次再來試 | https://i.mopix.cc/aMqxhP.jpg | --",
7-11:乖乖奶油椰子霜淇淋,7-11,乖乖奶油椰子霜淇淋,": | https://l.urusai.cc/Gobmw.jpeg | 還原度很高耶,聞起來和吃起來就是綠色乖乖的味道 | 跟吃的乖乖一樣都是微甜 | 一口接著一口疊加從小到老人的記憶 | 好像流眼油了,我先擦一下 | -- || : | 先說結論不好吃,能救一個是一個 | 本來很期待還忘記拍照就先吃,但想想也算了 | 一入口莫名是一個芋頭的味道 | 跟想像中的椰子味有滿大的差距 | 上一波的草莓中規中矩,會覺得正常的草莓 | 但這次的不太行QQ 乖乖鐵粉不推 | --",
萊爾富:嘉義油飯,萊爾富,嘉義油飯,": | 比我去年在中壢路邊攤50元還有料,路邊攤沒有肉但有蝦米,萊爾富的有肉絲,雖然肉絲 | 乾乾的,但是給的很多,飯也比路邊攤多,口味也差不多,色澤還比路邊的深,所以給到 | 90高分評價,以上供參。 | https://i.mopix.cc/mx0t6N.jpg | https://i.mopix.cc/LHdMD4.jpg | (圖文內容 請務必圖文獨立 不可單獨貼網址或單獨文字內容) | 與板工打勾勾約定: | 此商品文之圖文皆為發文者原創,實際個人拍攝 | 若圖片內容為轉載,將附上出處。 | 針對商品之評論與評價皆建立於個人之實際體驗。 | _______以上閱讀完畢Ctrl+K刪除以示確實閱讀約定事項\OuO | 未刪除視同未閱讀,板工保留不告知刪文之權利 | --",
萊爾富:唐揚雞飯,萊爾富,唐揚雞飯,": | 總體像是健康餐,除了雞塊有調味,其他全是水煮的沒味道,雞塊因為微波關係,表皮受 | 潮,口感有點減分,水煮蛋是半熟糖心蛋,微波完依舊半熟,半熟蛋非常可以但也是沒味 | 道(調味)。蔬菜的話紅蘿蔔有本身的甜味,花椰菜像是冷凍花椰菜解凍的口感(我有買 | 過冷凍花椰菜所以知道)不是很喜歡,大概是醬,這款不會回購,但其他同系列重裝系列 | 都是會回購的選項,這款味道淡到我飯都沒吃完。 | https://i.mopix.cc/6O2xU7.jpg | https://i.mopix.cc/AsCNux.jpg | (圖文內容 請務必圖文獨立 不可單獨貼網址或單獨文字內容) | 與板工打勾勾約定: | 此商品文之圖文皆為發文者原創,實際個人拍攝 | 若圖片內容為轉載,將附上出處。 | 針對商品之評論與評價皆建立於個人之實際體驗。 | _______以上閱讀完畢Ctrl+K刪除以示確實閱讀約定事項\OuO | 未刪除視同未閱讀,板工保留不告知刪文之權利 | --",
全家:香草可樂味雲餡泡芙,全家,香草可樂味雲餡泡芙,": | =====泡芙===== | 兩天前吃完就想發文但一時忘記 | 軟皮,內餡如圖所示共兩層,包含上層的香草餡及下層的可樂餡 | 原先抱著不安的心咬下 | 但內餡在口中混合後迸發的滋味異常好吃 | 以香草餡的奶甜為主,輔以些微可樂香氣 | 在近期各種香菜製品的獵奇食品賽道下我覺得是個成功的產品 | 不僅新奇,友善時光看到也願意再次購買 | =====哈密瓜巧克力冰淇淋===== | 拿到當下哈味撲鼻而來,像是沒那麼膩的extra哈密瓜口香糖 | 吃進嘴裡後由巧克力主導,哈味則時不時出現 | 整體而言兩個大概7:3 | 至於哈密瓜的口感本身有些偏雪酪,跟巧克力的綿密剛好互補 | 忘了試單獨吃的味道,靜待其他板友開箱 | https://i.meee.com.tw/evxoEbS.jpg | https://i.meee.com.tw/GhbCbRq.jpg | https://i.meee.com.tw/LBUBaDi.jpg | https://i.meee.com.tw/SZLvIyz.jpg | --",
全家:北海道哈密瓜贅沢巧克力綜合冰淇淋,全家,北海道哈密瓜贅沢巧克力綜合冰淇淋,": | =====泡芙===== | 兩天前吃完就想發文但一時忘記 | 軟皮,內餡如圖所示共兩層,包含上層的香草餡及下層的可樂餡 | 原先抱著不安的心咬下 | 但內餡在口中混合後迸發的滋味異常好吃 | 以香草餡的奶甜為主,輔以些微可樂香氣 | 在近期各種香菜製品的獵奇食品賽道下我覺得是個成功的產品 | 不僅新奇,友善時光看到也願意再次購買 | =====哈密瓜巧克力冰淇淋===== | 拿到當下哈味撲鼻而來,像是沒那麼膩的extra哈密瓜口香糖 | 吃進嘴裡後由巧克力主導,哈味則時不時出現 | 整體而言兩個大概7:3 | 至於哈密瓜的口感本身有些偏雪酪,跟巧克力的綿密剛好互補 | 忘了試單獨吃的味道,靜待其他板友開箱 | https://i.meee.com.tw/evxoEbS.jpg | https://i.meee.com.tw/GhbCbRq.jpg | https://i.meee.com.tw/LBUBaDi.jpg | https://i.meee.com.tw/SZLvIyz.jpg | --",
7-11:天婦羅蕎麥風味湯麵,7-11,天婦羅蕎麥風味湯麵,": | 蕎麥麵很少吃所以無法做太多比較 | 但整體的味道並不差,吃完有點小空虛吃不飽 | 如果想不到吃什麼願意再回購 | 內容物有一支炸蝦,還有兩個裹上麵衣的南瓜 | 單喝湯不是很建議,鹹到感覺喝完會洗腎 | https://meee.com.tw/sUyDJAi.jpg | --",
7-11:開運黑糖發糕,7-11,開運黑糖發糕,: | http://i.imgur.com/OS7VA2p.jpg | http://i.imgur.com/izmbPN0.jpg | http://i.imgur.com/sEd7CF3.jpg | http://i.imgur.com/tP72sdg.jpg | 突然發現7-11有出發糕 | 想說誰會買7-11出的發糕什麼的 | 結果我就買了一個來嚐鮮 | 糕體上還可以是Q的 | 甜度6/10 | 不知道是不是沒微波也沒再蒸過 | 口感偏乾不像菜市場買的那麼濕潤 | 黑糖香味有 | 糖度不高不會太甜 | 整體來說想像的到的味道 | 方便性解饞尚可 | 需要配茶 | (圖文內容 請務必圖文獨立 不可單獨貼網址或單獨文字內容) | --,
7-11:樂事洋芋片榴槤生啤酒,7-11,樂事洋芋片榴槤生啤酒,: | https://ibb.co/gLRJsm8Q | 我對奇葩洋芋片的要求是只要尾韻回甘就給過 | 整體只要甜鹹交錯就是我的心頭好 | (所以前陣子麻油雞口味整個失敗 ) | 這次 | 榴槤一入口真的是榴槤臭 不愛榴槤的人會很不愛 | 生啤酒一入口就很驚喜 淡淡回甘 | 口齒留香香味不散 是會回購的品項~ | 之前看社群說這個好市多放一堆都沒人買 | 可是真的很還原生啤酒  也適合當下酒菜 | 有在戒酒的人可以嘗嘗 | 可能越吃越氣X | --,
7-11:牛肝菌菇濃湯,7-11,牛肝菌菇濃湯,: | 菇很多  馬鈴薯也很多 | 以湯來說熱量不高熱量 | 味道算濃郁 是宵夜的好選擇 | I珍食覺得蠻划算的 | 原本想給80分 | 結果打文章才發現牛肝菌是粉 菇是杏包菇 | 所以扣10分 | 看超商版沒有分享過 | 但見底了只好把封膜蓋一下拍照 | https://i.mopix.cc/zdqbVq.jpg | --,
萊爾富:佛跳牆,萊爾富,佛跳牆,": | 我來了又是萊爾富,今天天氣冷想說喝個湯,看到架上還有剩的佛跳牆就想說試看看,第一 | 次喝不知道是不是壞了,湯頭是酸的.....店員也沒吃過湯頭先不管,內容物的料也不多, | 湯裡的筍跟杏鮑菇我沒撈,其餘的肉跟鳥蛋都撈出來,料蠻少的,這價錢就算有惜福食堂也 | 是超盤,另外這東西不管有沒有壞,這湯頭只能叫做加料的竹筍湯,跟佛跳牆完全搭不上邊 | 。 | 十分給芋頭十分給鳥蛋,十分給筍因為很多。 | 結論:超不推,納含量2000就算了,吃完還不知道自己吃了啥,這價錢拿去買兩杯玉米濃湯 | 還有找。唯一優點大概是湯裡的芋頭是鬆軟的,但是沒有煮到爛糊。 | https://i.imgur.com/cbYSwp3.jpeg | https://i.imgur.com/l3IpB8a.jpeg | https://i.imgur.com/vbKma3R.jpeg | https://i.imgur.com/YA8kOs6.jpeg | --",
7-11:半熟玉子烤雞松露燉飯,7-11,半熟玉子烤雞松露燉飯,: | 整體覺得很不錯 | 雞腿排很嫩 | 旁邊還有一點起士攪拌會牽絲 | 半熟蛋也很滑嫩好吃 | 覺得129有這個品質已經算不錯了! | https://i.mopix.cc/gZVMSy.jpg | https://i.mopix.cc/GnYfDV.jpg | 焗烤是我自己加的 | https://i.mopix.cc/vZ0eF6.jpg | -- | 真的 有時候在外面吃都覺得超商還比較好吃 | 難吃 價格還貴兩三倍,
7-11:米香台菜御品佛跳牆,7-11,米香台菜御品佛跳牆,":(圖文內容 請務必圖文獨立 不可單獨貼網址或單獨文字內容) | 米香台菜御品佛跳牆:我覺得味道好怪,不好吃,不要吃!我寧願吃海皇羹 | 加賀屋-開運蒲燒鰻魚御膳:簡直完美,這種價格吃到算很不錯了,雖然魚肉偶有細刺,但 | 無傷大雅,魚肉的份量也不少,蒲燒醬更堪稱一絕呀! | --- | https://i.meee.com.tw/3CIAimM.jpg | https://i.meee.com.tw/P30AH2K.jpg | https://i.meee.com.tw/C7WfBcA.jpg | https://i.meee.com.tw/nCOSTDI.jpg | -- | https://i.meee.com.tw/GuqIhBX.jpg | https://i.meee.com.tw/D6qss7v.jpg | https://i.meee.com.tw/mOkq1x2.jpg | https://i.meee.com.tw/w4r2vnv.jpg | https://i.meee.com.tw/MaVyuQ5.jpg | https://i.meee.com.tw/lcCpw39.jpg | 筍 | https://i.meee.com.tw/o5Hsb1L.jpg | 鵪鶉蛋 | https://i.meee.com.tw/oPJkxP6.jpg | 芋頭 | https://i.meee.com.tw/pRl3UHh.jpg | 排骨酥 | https://i.meee.com.tw/1Wg2sa9.jpg | 栗子 | https://i.meee.com.tw/Tf6Y5l2.jpg | 貝柱 | https://i.meee.com.tw/QQ9jcvq.jpg | 杏包菇 | https://i.meee.com.tw/FlmDmHC.jpg | 香菇 | https://i.meee.com.tw/cjqceX9.jpg | 蒜 | https://i.meee.com.tw/VoQmlpS.jpg | --",
7-11:加賀屋開運蒲燒鰻魚御膳,7-11,加賀屋開運蒲燒鰻魚御膳,":(圖文內容 請務必圖文獨立 不可單獨貼網址或單獨文字內容) | 米香台菜御品佛跳牆:我覺得味道好怪,不好吃,不要吃!我寧願吃海皇羹 | 加賀屋-開運蒲燒鰻魚御膳:簡直完美,這種價格吃到算很不錯了,雖然魚肉偶有細刺,但 | 無傷大雅,魚肉的份量也不少,蒲燒醬更堪稱一絕呀! | --- | https://i.meee.com.tw/3CIAimM.jpg | https://i.meee.com.tw/P30AH2K.jpg | https://i.meee.com.tw/C7WfBcA.jpg | https://i.meee.com.tw/nCOSTDI.jpg | -- | https://i.meee.com.tw/GuqIhBX.jpg | https://i.meee.com.tw/D6qss7v.jpg | https://i.meee.com.tw/mOkq1x2.jpg | https://i.meee.com.tw/w4r2vnv.jpg | https://i.meee.com.tw/MaVyuQ5.jpg | https://i.meee.com.tw/lcCpw39.jpg | 筍 | https://i.meee.com.tw/o5Hsb1L.jpg | 鵪鶉蛋 | https://i.meee.com.tw/oPJkxP6.jpg | 芋頭 | https://i.meee.com.tw/pRl3UHh.jpg | 排骨酥 | https://i.meee.com.tw/1Wg2sa9.jpg | 栗子 | https://i.meee.com.tw/Tf6Y5l2.jpg | 貝柱 | https://i.meee.com.tw/QQ9jcvq.jpg | 杏包菇 | https://i.meee.com.tw/FlmDmHC.jpg | 香菇 | https://i.meee.com.tw/cjqceX9.jpg | 蒜 | https://i.meee.com.tw/VoQmlpS.jpg | --",
7-11:瓜瓜園紫薯qq球,7-11,瓜瓜園紫薯QQ球,: | http://i.imgur.com/943fZJ2.jpg | 脆上面看到 | 在店裡面找了一下發現在冷藏區 | 買回家沒有微波 | 直接氣炸190度7分鐘(3分鐘要翻一下) | http://i.imgur.com/H8jgpSf.jpg | 甜度大概8/10 | 內餡很好吃 | 外皮Q氣炸完很像炸湯圓 | 蠻喜歡的 推薦 | PS 圖片是兩包的量怕大家誤會 | (圖文內容 請務必圖文獨立 不可單獨貼網址或單獨文字內容) | --,
全家:杜老爺香菜白巧雪脆雪糕,全家,杜老爺香菜白巧雪脆雪糕,": | https://l.urusai.cc/G7udt.jpeg | https://l.urusai.cc/pB7sL.jpeg | https://l.urusai.cc/DMcw7.jpeg | https://l.urusai.cc/IWIZI.jpeg | https://l.urusai.cc/dDDVY.jpeg | 聞起來沒有香菜味,香菜都在中間 | 外面的包皮單純也不錯,甜甜的白巧克力混合花生生很搭,花生也提供了脆脆的口感,螞蟻人狂喜 | 裡面雪糕的部分就是主角之一的香菜 | 第一口的香菜味很明顯,之後會慢慢遞減,香菜狂魔表示不同意這樣。 | 香菜味和花生混合時有點像花生粉包香菜吃的味道,因為白巧克力的關係吃起來是甜的,香菜螞蟻人狂喜 | 整體來說不錯,以前吃到香菜通常在鹹食,搭在雪糕意外的不錯 | 一般人可以試試看,香菜螞蟻人可以回購 | --",
全家:極濃義式開心果雪糕,全家,極濃義式開心果雪糕,: | https://i.meee.com.tw/JhlTNgg.jpg | https://i.meee.com.tw/8zi6DvC.jpg | 兩球一百多的義式冰淇淋都沒說自己濃了 | 你一支才20是在極濃什麼啦 | 吐槽完畢 進入正題 | 首先脆皮部分 | 開心果巧克力味 甜度不低 本螞蟻人很喜歡 | 有一些些南瓜子和開心果碎增添口感 | 再來是主角雪糕 | 滿開心果的 很容易想像的味道 不會太甜 | 當然香料做不出天然的油脂香味 但也夠水準了 不錯 | 缺點是有點小支 口味方面OK 可以嘗試 | --,
7-11:福得生活香菜布蕾,7-11,福得生活香菜布蕾,": | https://i.mopix.cc/oUU8U5.jpg | https://i.mopix.cc/OuTV4b.jpg | 聞起來沒有香菜味 有股淡淡的奶味 | 一入口先是布蕾的奶味 | 接著會開始懷疑 | 嗯?? 抹茶? | 是我味覺壞了嗎? 完全沒有香菜的蹤跡 | 反覆細嚐數口,就是抹茶味 | 然後就沒有然後了 | 口味就是能想像的布蕾味 | 香菜控會大失所望 | 不愛香菜的 閉著眼睛吃應該也吃不出來 | 以上 | --",
7-11:香腸嘎香菜風味捲餅,7-11,香腸嘎香菜風味捲餅,: | https://i.imgur.com/pUuNGRV.jpeg | 沒吃過的新東西 | 還蠻好吃 | 口味很豐富 | 沒有香菜味 | 我也是發文看品名才知道嘎香菜 | 而且幾乎每一口都有香腸 | 第一口 | https://i.imgur.com/mI1PxSb.jpeg | 一半 | https://i.imgur.com/fuJ5pSy.jpeg | 最後忘記拍 | 但是香腸有督到底 | 推 | (圖文內容 請務必圖文獨立 不可單獨貼網址或單獨文字內容) | --,
7-11:富貴海皇羹,7-11,富貴海皇羹,":味道本身就是中規中矩,屬於辦桌羹、魚翅羹那類的味道!看來是要替代往年的 | 佛跳牆了,這樣也好,與其吃越來越空虛的佛跳牆,倒不如改吃有著滿滿配料的羹湯!!! | 就像前面提到的,偏向於辦桌羹、魚翅羹這類的料理,基本上不會難吃到哪裡去,但也因 | 為用料實在,感覺就像是師傅一口氣煮一大鍋之後再分裝到小碗裡面,固定的成本就擺在 | 眼前,在無法削減支出的情形下,自然就是在售價上動手腳,也就有了一碗高達『159元』 | 的定價,確實容易讓人卻步 | 另一個缺點就是加熱問題,第二段加熱時間可能過短,或是店員沒有將產品搖晃均勻,導 | 致商品本身加熱不完全,整體溫度偏低,還可能在撕開封膜時,仍有湯凍尚未融化的情形 | ,因此建議店員在第二段加熱前,先搖一搖讓它均勻一點,並延長加熱時間到4,會比較好 | 也就是微波建議8+4 | --- | https://i.meee.com.tw/PZQ4xyZ.jpg | https://i.meee.com.tw/Tgl7WDC.jpg | https://i.meee.com.tw/fb4dU1b.jpg | https://i.meee.com.tw/iNko0gE.jpg | https://i.meee.com.tw/CSOP2DX.jpg | https://i.meee.com.tw/ob6mdkR.jpg | https://i.meee.com.tw/Y1Hzza4.jpg | https://i.meee.com.tw/DxrK3Wo.jpg | https://i.meee.com.tw/NUyoq9b.jpg | https://i.meee.com.tw/HRGClXI.jpg | https://i.meee.com.tw/FxqdhtI.jpg | --",
全家:杏仁可可蜂蜜蛋糕,全家,杏仁可可蜂蜜蛋糕,: | 圖多多版本: | https://bit.ly/3NEihEF | 影片版: | https://www.threads.com/@dressingfrad_/post/DT_5LBijSwm?hl=zh-tw | 全家便利商店 除了經典的蜂蜜蛋糕 | 底層有雙目糖的蜂蜜蛋糕 | 也推出了新款 | 杏仁可可蜂蜜蛋糕 | 蜂蜜蛋糕三巨頭先來張合照 | https://pimg.1px.tw/blog/dressingfrad/album/303510220/853212952553866009.jpg | 一樣是塑膠殼裝已切好 | 裡面也有叉子 | 可可味道則是沒有那麼明確 | 算 | 是淡淡 | 風味路線 | 個人很喜歡葡萄乾和堅果 | 所以這款算是 | 可以被選擇的品項 | -- | https://www.facebook.com/dressingfrad | --,
7-11:樂事麻油雞,7-11,樂事麻油雞,": | https://i.imgur.com/FnJLP6r.jpeg | https://i.imgur.com/OKGt45A.jpeg | 公司附近有麻油雞,個人也非常愛吃麻油類食物,吃這包一開始覺得太鹹,麻油味不夠,但 | 越吃越好吃。 | 嚐鮮了香菜、皮蛋、香菜貢丸、香菜冰淇淋等各式恐怖口味之後這包是近期願意再吃第二口 | 的。 | --",
全家:鮑滿福氣中華燴麵,全家,鮑滿福氣中華燴麵,": | 本來想吃個雞腿油飯開運 | 結果架上沒了改買燴麵 | https://i.imgur.com/YsLK9Kp.jpeg | 醬汁偏甜, 有台式炒三鮮那種醬香味 | 配料是大白菜 洋蔥 油菜 火腿丁和兩塊鮑魚 | 香氣蠻夠的, 很好吃 | 比起炒麵更愛這種燴麵的濕潤感 | 便利商店食物能吃到鮑魚還是蠻驚喜的 | https://i.imgur.com/oTUdj5D.jpeg | 湯選了馬鈴薯玉米濃湯 | 湯頭很濃郁~喝起來有玉米的甜味 | 料蠻多的, 有一些胡椒粒 | 想喝湯時很常買這個, 加白飯變湯泡飯也很讚 | https://i.imgur.com/RCzDtkX.jpeg | ----- | Sent from JPTT on my iPhone | --",
全家:鮮乳坊馬鈴薯玉米濃湯,全家,鮮乳坊馬鈴薯玉米濃湯,": | 本來想吃個雞腿油飯開運 | 結果架上沒了改買燴麵 | https://i.imgur.com/YsLK9Kp.jpeg | 醬汁偏甜, 有台式炒三鮮那種醬香味 | 配料是大白菜 洋蔥 油菜 火腿丁和兩塊鮑魚 | 香氣蠻夠的, 很好吃 | 比起炒麵更愛這種燴麵的濕潤感 | 便利商店食物能吃到鮑魚還是蠻驚喜的 | https://i.imgur.com/oTUdj5D.jpeg | 湯選了馬鈴薯玉米濃湯 | 湯頭很濃郁~喝起來有玉米的甜味 | 料蠻多的, 有一些胡椒粒 | 想喝湯時很常買這個, 加白飯變湯泡飯也很讚 | https://i.imgur.com/RCzDtkX.jpeg | ----- | Sent from JPTT on my iPhone | --",
7-11:開心果千層塔,7-11,開心果千層塔,: | 餅皮吃起來油耗味蠻重的 | 重頭戲的開心果味道也只有一點點 | 但整體吃起來並不會很甜 | 感覺這個要拿去烤會比較好吃 | 買來嚐鮮的人建議拿去烤一下 | https://i.imgur.com/a/XdITfEr.jpg | --,
萊爾富:豬腳飯,萊爾富,豬腳飯,":看到新上市的豬腳飯,就想嚐鮮一下,北部豬腳飯不便宜,在超商兩塊肉139 | 元 | 還算合理,拿起來看成分表的時候,熱量1500是有被嚇到,不過打開內容物之後,發現飯 | 上 | 還有一層滷汁,以及白菜滷的份量蠻多的。味道中規中矩很解膩筍絲就沒什麼記憶點,, | 豬 | 腳本身香Q入味,但是給的部位是蹄尖與中段肉不算多。 | 結論:味道是好的,但是考慮份量及售價可以買個一次嚐鮮看看,就我一個男生來說,這 | 份 | 量一定是吃不飽的。 | https://i.imgur.com/mCjyhwE.jpeg | https://i.imgur.com/ZGbINV5.jpeg | https://i.imgur.com/U1T0q2J.jpeg | https://i.imgur.com/CbFP1d9.jpeg | 若圖片內容為轉載,將附上出處。 | 針對商品之評論與評價皆建立於個人之實際體驗。 | --",
7-11:鰻魚飯,7-11,鰻魚飯,": | 剛剛的豬腳飯吃不飽,於是又看上這款鰻魚飯,比往年全家或是711出的鰻魚飯還便宜不少 | ,去年另外兩大超商鰻魚飯售價是169元,萊爾富則是賣139元,著實便宜不少,光是看上去 | 的視覺份量也蠻大塊,先從配菜開始介紹,蔥花蛋有香氣滷豆皮帶點甜,兩者都不錯挺下飯 | ,旁邊的白蘿蔔普普通通,原本想拿來解膩,但是因為加熱過,變成溫溫熱熱的,口感太詭 | 異了...飯上則是有著鰻魚的醬汁帶點微甜,會讓人一口接一口,主菜的鰻魚份量不少,厚 | 度偏薄,不過這價位沒什麼好嫌了。 | 結論:看到的話會回購,這份量女生吃應該是能吃飽,鰻魚也給的很實在,如果有惜福食堂 | 七折價能入手,建議一定要試看看。 | https://i.imgur.com/qjkUePa.jpeg | https://i.imgur.com/X6fA5Gd.jpeg | https://i.imgur.com/GKJwoAv.jpeg | 若圖片內容為轉載,將附上出處。 | 針對商品之評論與評價皆建立於個人之實際體驗。 | --",
萊爾富:果c果昔哈瓜戀乳,萊爾富,果C果昔哈瓜戀乳,": | https://i.mopix.cc/pygrea.jpg | https://i.mopix.cc/FPsX7K.jpg | 雖然果昔價格很盤 | 但覺得很方便也不錯喝 | 這次喝的是第三個口味了 | 上次哈瓜剛上市沒有買到 | 好像剛上市隔天就被回收,可能品管問題 | 今天終於被我看到立馬買! | 超哈味!! | --",
全家:lotte生巧克力派法式濃巧,全家,LOTTE生巧克力派法式濃巧,": | 身爲生巧克力愛好者,看到新品來試試。 | 這款日本進口,原價不便宜,剛好遇到友善時光,記得之前吃過雙層巧克力口味的還不錯 | ,想說法式應該也不錯吧。 | 結果完全不一樣,法式濃巧口味很死甜,吃兩口就好膩,吃完整個很甜膩,不會想回購。 | https://i.mopix.cc/z7plIG.jpg | https://i.mopix.cc/RtRzHR.jpg | https://i.mopix.cc/HX1Ukp.jpg | -- | 便宜,但如果螞蟻人還是可以嚐鮮一下,真的很甜! | 01/31 18:55 | 被生巧克力騙的me    應該是因為日本進口的關係,定價比較貴。可惜貴又不合胃口",
